row,file_id,column,type,planted_value,expected
1,INS-70000,اسم المؤمن له,PERSON_NAME,عهود الحويطي,replace
1,INS-70000,هوية / إقامة,SAUDI_ID,1012383608,replace
1,INS-70000,جوال,MOBILE,00966557767936,replace
2,INS-70001,اسم المؤمن له,PERSON_NAME,عهود البلوي,replace
2,INS-70001,هوية / إقامة,SAUDI_ID,2116961059,replace
2,INS-70001,جوال,MOBILE,053-178-3929,replace
3,INS-70002,اسم المؤمن له,PERSON_NAME,عادل الفيفي,replace
3,INS-70002,هوية / إقامة,SAUDI_ID,2485622910,replace
3,INS-70002,جوال,MOBILE,0565578934,replace
4,INS-70003,اسم المؤمن له,PERSON_NAME,حسام باعشن,replace
4,INS-70003,هوية / إقامة,SAUDI_ID,1530453404,replace
4,INS-70003,جوال,MOBILE,055-464-6261,replace
5,INS-70004,اسم المؤمن له,PERSON_NAME,رهف الحازمي,replace
5,INS-70004,هوية / إقامة,SAUDI_ID,2296326974,replace
5,INS-70004,جوال,MOBILE,00966556191410,replace
6,INS-70005,اسم المؤمن له,PERSON_NAME,وليد المحمدي,replace
6,INS-70005,هوية / إقامة,SAUDI_ID,1302569148,replace
6,INS-70005,جوال,MOBILE,٠٥٤٥٥٠٧٣٠٩,replace
7,INS-70006,اسم المؤمن له,PERSON_NAME,لجين الجهني,replace
7,INS-70006,هوية / إقامة,SAUDI_ID,١٧٧٢٦١١٩٧٤,replace
7,INS-70006,جوال,MOBILE,0582781796,replace
8,INS-70007,اسم المؤمن له,PERSON_NAME,دانة الجهني,replace
8,INS-70007,هوية / إقامة,SAUDI_ID,1990568196,replace
8,INS-70007,جوال,MOBILE,00966569383586,replace
9,INS-70008,اسم المؤمن له,PERSON_NAME,لجين المالكي,replace
9,INS-70008,هوية / إقامة,SAUDI_ID,٢٣٤١٨٦٥٥٨٨,replace
9,INS-70008,جوال,MOBILE,00966545413756,replace
10,INS-70009,اسم المؤمن له,PERSON_NAME,نجلاء الثبيتي,replace
10,INS-70009,هوية / إقامة,SAUDI_ID,2637881422,replace
10,INS-70009,جوال,MOBILE,٠٥٠٧٤٦١٩٤٤,replace
11,INS-70010,اسم المؤمن له,PERSON_NAME,أريج الصاعدي,replace
11,INS-70010,هوية / إقامة,SAUDI_ID,2339835718,replace
11,INS-70010,جوال,MOBILE,(059) 161 2960,replace
12,INS-70011,اسم المؤمن له,PERSON_NAME,دانة الفيفي,replace
12,INS-70011,هوية / إقامة,SAUDI_ID,2491295156,replace
12,INS-70011,جوال,MOBILE,+966 59 012 5130,replace
13,INS-70012,اسم المؤمن له,PERSON_NAME,مهند الشريف,replace
13,INS-70012,هوية / إقامة,SAUDI_ID,1956224628,replace
13,INS-70012,جوال,MOBILE,00966551183142,replace
14,INS-70013,اسم المؤمن له,PERSON_NAME,بندر العمري,replace
14,INS-70013,هوية / إقامة,SAUDI_ID,2438719128,replace
14,INS-70013,جوال,MOBILE,00966582353622,replace
15,INS-70014,اسم المؤمن له,PERSON_NAME,نايف اليامي,replace
15,INS-70014,هوية / إقامة,SAUDI_ID,2959758240,replace
15,INS-70014,جوال,MOBILE,٠٥٤٧٢٤٧٨٨٨,replace
16,INS-70015,اسم المؤمن له,PERSON_NAME,رائد السلمي,replace
16,INS-70015,هوية / إقامة,SAUDI_ID,2005845603,replace
16,INS-70015,جوال,MOBILE,0562012792,replace
17,INS-70016,اسم المؤمن له,PERSON_NAME,يزيد الثبيتي,replace
17,INS-70016,هوية / إقامة,SAUDI_ID,1517237598,replace
17,INS-70016,جوال,MOBILE,+966 54 565 0250,replace
18,INS-70017,اسم المؤمن له,PERSON_NAME,بندر السلمي,replace
18,INS-70017,هوية / إقامة,SAUDI_ID,1407494747,replace
18,INS-70017,جوال,MOBILE,00966546771775,replace
19,INS-70018,اسم المؤمن له,PERSON_NAME,يزيد العنزي,replace
19,INS-70018,هوية / إقامة,SAUDI_ID,٢٣٨٨٩٢٢٨٠٥,replace
19,INS-70018,جوال,MOBILE,050-843-2643,replace
20,INS-70019,اسم المؤمن له,PERSON_NAME,رهف الغامدي,replace
20,INS-70019,هوية / إقامة,SAUDI_ID,1294400351,replace
20,INS-70019,جوال,MOBILE,00966541630188,replace
21,INS-70020,اسم المؤمن له,PERSON_NAME,شهد الثبيتي,replace
21,INS-70020,هوية / إقامة,SAUDI_ID,2046304172,replace
21,INS-70020,جوال,MOBILE,054-230-6444,replace
22,INS-70021,اسم المؤمن له,PERSON_NAME,هشام الجهني,replace
22,INS-70021,هوية / إقامة,SAUDI_ID,1725316580,replace
22,INS-70021,جوال,MOBILE,+966 59 877 9592,replace
23,INS-70022,اسم المؤمن له,PERSON_NAME,بندر باعشن,replace
23,INS-70022,هوية / إقامة,SAUDI_ID,١٣٦٩٣٥٢٩٤١,replace
23,INS-70022,جوال,MOBILE,+966 50 759 2396,replace
24,INS-70023,اسم المؤمن له,PERSON_NAME,عهود الفيفي,replace
24,INS-70023,هوية / إقامة,SAUDI_ID,2907583005,replace
24,INS-70023,جوال,MOBILE,0589855791,replace
25,INS-70024,اسم المؤمن له,PERSON_NAME,هشام الصاعدي,replace
25,INS-70024,هوية / إقامة,SAUDI_ID,١٠٥٥٦٥٧٩٢٦,replace
25,INS-70024,جوال,MOBILE,00966554077938,replace
26,INS-70025,اسم المؤمن له,PERSON_NAME,إياد الشريف,replace
26,INS-70025,هوية / إقامة,SAUDI_ID,2219982549,replace
26,INS-70025,جوال,MOBILE,0568691782,replace
27,INS-70026,اسم المؤمن له,PERSON_NAME,باسل الرويلي,replace
27,INS-70026,هوية / إقامة,SAUDI_ID,1387743782,replace
27,INS-70026,جوال,MOBILE,050-141-2618,replace
28,INS-70027,اسم المؤمن له,PERSON_NAME,إياد الصاعدي,replace
28,INS-70027,هوية / إقامة,SAUDI_ID,٢٠٨٥٤١٨٨٧٥,replace
28,INS-70027,جوال,MOBILE,00966560917545,replace
29,INS-70028,اسم المؤمن له,PERSON_NAME,وليد الغامدي,replace
29,INS-70028,هوية / إقامة,SAUDI_ID,2267586911,replace
29,INS-70028,جوال,MOBILE,0596762123,replace
30,INS-70029,اسم المؤمن له,PERSON_NAME,أنس الثبيتي,replace
30,INS-70029,هوية / إقامة,SAUDI_ID,1285864235,replace
30,INS-70029,جوال,MOBILE,0550912312,replace
31,INS-70030,اسم المؤمن له,PERSON_NAME,لولوة الشهري,replace
31,INS-70030,هوية / إقامة,SAUDI_ID,2776573400,replace
31,INS-70030,جوال,MOBILE,(056) 108 9560,replace
32,INS-70031,اسم المؤمن له,PERSON_NAME,لجين باعشن,replace
32,INS-70031,هوية / إقامة,SAUDI_ID,٢٠٨٠٠١٥٢٣٩,replace
32,INS-70031,جوال,MOBILE,+966 59 558 8513,replace
33,INS-70032,اسم المؤمن له,PERSON_NAME,مها الغامدي,replace
33,INS-70032,هوية / إقامة,SAUDI_ID,1016528430,replace
33,INS-70032,جوال,MOBILE,(050) 558 6829,replace
34,INS-70033,اسم المؤمن له,PERSON_NAME,رهف الشريف,replace
34,INS-70033,هوية / إقامة,SAUDI_ID,1994824892,replace
34,INS-70033,جوال,MOBILE,+966 53 020 8925,replace
35,INS-70034,اسم المؤمن له,PERSON_NAME,وليد الثبيتي,replace
35,INS-70034,هوية / إقامة,SAUDI_ID,2793885183,replace
35,INS-70034,جوال,MOBILE,(054) 904 5814,replace
36,INS-70035,اسم المؤمن له,PERSON_NAME,عادل الشريف,replace
36,INS-70035,هوية / إقامة,SAUDI_ID,1002805586,replace
36,INS-70035,جوال,MOBILE,(058) 368 9377,replace
37,INS-70036,اسم المؤمن له,PERSON_NAME,غازي الشريف,replace
37,INS-70036,هوية / إقامة,SAUDI_ID,2678690831,replace
37,INS-70036,جوال,MOBILE,+966 59 382 6653,replace
38,INS-70037,اسم المؤمن له,PERSON_NAME,عهود باعشن,replace
38,INS-70037,هوية / إقامة,SAUDI_ID,2750793925,replace
38,INS-70037,جوال,MOBILE,+966 54 223 3069,replace
39,INS-70038,اسم المؤمن له,PERSON_NAME,شهد العنزي,replace
39,INS-70038,هوية / إقامة,SAUDI_ID,1519884199,replace
39,INS-70038,جوال,MOBILE,(058) 201 5454,replace
40,INS-70039,اسم المؤمن له,PERSON_NAME,عهود الغامدي,replace
40,INS-70039,هوية / إقامة,SAUDI_ID,١٧٧٥٦٣٠٥٩١,replace
40,INS-70039,جوال,MOBILE,058-754-8624,replace
41,INS-70040,اسم المؤمن له,PERSON_NAME,غازي الزهراني,replace
41,INS-70040,هوية / إقامة,SAUDI_ID,2434546004,replace
41,INS-70040,جوال,MOBILE,٠٥٠٦٠٣٣٨١١,replace
42,INS-70041,اسم المؤمن له,PERSON_NAME,مهند الغامدي,replace
42,INS-70041,هوية / إقامة,SAUDI_ID,2408514582,replace
42,INS-70041,جوال,MOBILE,00966594783301,replace
43,INS-70042,اسم المؤمن له,PERSON_NAME,صالح البلوي,replace
43,INS-70042,هوية / إقامة,SAUDI_ID,1565767785,replace
43,INS-70042,جوال,MOBILE,0506565644,replace
44,INS-70043,اسم المؤمن له,PERSON_NAME,عادل الزهراني,replace
44,INS-70043,هوية / إقامة,SAUDI_ID,1001938776,replace
44,INS-70043,جوال,MOBILE,+966 54 314 8547,replace
45,INS-70044,اسم المؤمن له,PERSON_NAME,ريما الحازمي,replace
45,INS-70044,هوية / إقامة,SAUDI_ID,٢٠١٠٣٦٨٣٩٣,replace
45,INS-70044,جوال,MOBILE,+966 53 291 2477,replace
46,INS-70045,اسم المؤمن له,PERSON_NAME,مها الغامدي,replace
46,INS-70045,هوية / إقامة,SAUDI_ID,1907125718,replace
46,INS-70045,جوال,MOBILE,0554101426,replace
47,INS-70046,اسم المؤمن له,PERSON_NAME,وليد العنزي,replace
47,INS-70046,هوية / إقامة,SAUDI_ID,1724786452,replace
47,INS-70046,جوال,MOBILE,0595945032,replace
48,INS-70047,اسم المؤمن له,PERSON_NAME,ميار الأحمدي,replace
48,INS-70047,هوية / إقامة,SAUDI_ID,١٩٩٧٦٢٣٨٦١,replace
48,INS-70047,جوال,MOBILE,054-404-8396,replace
49,INS-70048,اسم المؤمن له,PERSON_NAME,مهند الغامدي,replace
49,INS-70048,هوية / إقامة,SAUDI_ID,1248306274,replace
49,INS-70048,جوال,MOBILE,058-594-6306,replace
50,INS-70049,اسم المؤمن له,PERSON_NAME,يزيد الفيفي,replace
50,INS-70049,هوية / إقامة,SAUDI_ID,2171097823,replace
50,INS-70049,جوال,MOBILE,00966543522542,replace
51,INS-70050,اسم المؤمن له,PERSON_NAME,مشاري الثبيتي,replace
51,INS-70050,هوية / إقامة,SAUDI_ID,1272262856,replace
51,INS-70050,جوال,MOBILE,059-255-0851,replace
52,INS-70051,اسم المؤمن له,PERSON_NAME,وليد الأحمدي,replace
52,INS-70051,هوية / إقامة,SAUDI_ID,2738609953,replace
52,INS-70051,جوال,MOBILE,054-218-8161,replace
53,INS-70052,اسم المؤمن له,PERSON_NAME,هيفاء المالكي,replace
53,INS-70052,هوية / إقامة,SAUDI_ID,١٨٠٧٢٤٩٠١٤,replace
53,INS-70052,جوال,MOBILE,00966559264476,replace
54,INS-70053,اسم المؤمن له,PERSON_NAME,وليد الثبيتي,replace
54,INS-70053,هوية / إقامة,SAUDI_ID,٢٦٨٢٠١٧٦٣٣,replace
54,INS-70053,جوال,MOBILE,00966558582022,replace
55,INS-70054,اسم المؤمن له,PERSON_NAME,نجلاء العمري,replace
55,INS-70054,هوية / إقامة,SAUDI_ID,2350833394,replace
55,INS-70054,جوال,MOBILE,٠٥٨٨٤٥٣٢٦١,replace
56,INS-70055,اسم المؤمن له,PERSON_NAME,منيرة اليامي,replace
56,INS-70055,هوية / إقامة,SAUDI_ID,1342592662,replace
56,INS-70055,جوال,MOBILE,+966 50 148 6793,replace
57,INS-70056,اسم المؤمن له,PERSON_NAME,هيفاء العنزي,replace
57,INS-70056,هوية / إقامة,SAUDI_ID,2614728299,replace
57,INS-70056,جوال,MOBILE,0550423294,replace
58,INS-70057,اسم المؤمن له,PERSON_NAME,مازن الشريف,replace
58,INS-70057,هوية / إقامة,SAUDI_ID,2275386759,replace
58,INS-70057,جوال,MOBILE,00966587902449,replace
59,INS-70058,اسم المؤمن له,PERSON_NAME,عمار الجهني,replace
59,INS-70058,هوية / إقامة,SAUDI_ID,١٤٦٨٩٤١١٢٣,replace
59,INS-70058,جوال,MOBILE,٠٥٦٧٦٠٢٦١٩,replace
60,INS-70059,اسم المؤمن له,PERSON_NAME,سديم الجهني,replace
60,INS-70059,هوية / إقامة,SAUDI_ID,2054057480,replace
60,INS-70059,جوال,MOBILE,0584520084,replace
61,INS-70060,اسم المؤمن له,PERSON_NAME,هشام الأحمدي,replace
61,INS-70060,هوية / إقامة,SAUDI_ID,2208916235,replace
61,INS-70060,جوال,MOBILE,0583257510,replace
62,INS-70061,اسم المؤمن له,PERSON_NAME,دانة اليامي,replace
62,INS-70061,هوية / إقامة,SAUDI_ID,1978594784,replace
62,INS-70061,جوال,MOBILE,00966583411834,replace
63,INS-70062,اسم المؤمن له,PERSON_NAME,صالح اليامي,replace
63,INS-70062,هوية / إقامة,SAUDI_ID,2211328923,replace
63,INS-70062,جوال,MOBILE,00966530987409,replace
64,INS-70063,اسم المؤمن له,PERSON_NAME,يزيد المالكي,replace
64,INS-70063,هوية / إقامة,SAUDI_ID,2654110317,replace
64,INS-70063,جوال,MOBILE,٠٥٣٢٠٨٨٨٠٢,replace
65,INS-70064,اسم المؤمن له,PERSON_NAME,نجلاء الثبيتي,replace
65,INS-70064,هوية / إقامة,SAUDI_ID,1481886149,replace
65,INS-70064,جوال,MOBILE,0546285470,replace
66,INS-70065,اسم المؤمن له,PERSON_NAME,رائد الصاعدي,replace
66,INS-70065,هوية / إقامة,SAUDI_ID,2106718030,replace
66,INS-70065,جوال,MOBILE,056-890-3158,replace
67,INS-70066,اسم المؤمن له,PERSON_NAME,شهد المالكي,replace
67,INS-70066,هوية / إقامة,SAUDI_ID,2971514621,replace
67,INS-70066,جوال,MOBILE,00966542632201,replace
68,INS-70067,اسم المؤمن له,PERSON_NAME,رائد الفيفي,replace
68,INS-70067,هوية / إقامة,SAUDI_ID,2292034556,replace
68,INS-70067,جوال,MOBILE,00966558468411,replace
69,INS-70068,اسم المؤمن له,PERSON_NAME,رهف الشهري,replace
69,INS-70068,هوية / إقامة,SAUDI_ID,1663217527,replace
69,INS-70068,جوال,MOBILE,٠٥٩٣٠٠٧٥٣٤,replace
70,INS-70069,اسم المؤمن له,PERSON_NAME,ثامر الحازمي,replace
70,INS-70069,هوية / إقامة,SAUDI_ID,2442531519,replace
70,INS-70069,جوال,MOBILE,+966 56 797 7511,replace
71,INS-70070,اسم المؤمن له,PERSON_NAME,باسل باعشن,replace
71,INS-70070,هوية / إقامة,SAUDI_ID,٢٤٧٣٤٧٣٢٨٤,replace
71,INS-70070,جوال,MOBILE,٠٥٣١٥٨٨٤٦٣,replace
72,INS-70071,اسم المؤمن له,PERSON_NAME,عادل الأحمدي,replace
72,INS-70071,هوية / إقامة,SAUDI_ID,2338833342,replace
72,INS-70071,جوال,MOBILE,+966 55 732 1798,replace
73,INS-70072,اسم المؤمن له,PERSON_NAME,مشاري المالكي,replace
73,INS-70072,هوية / إقامة,SAUDI_ID,1474148317,replace
73,INS-70072,جوال,MOBILE,00966509379684,replace
74,INS-70073,اسم المؤمن له,PERSON_NAME,ثامر العمري,replace
74,INS-70073,هوية / إقامة,SAUDI_ID,1368448112,replace
74,INS-70073,جوال,MOBILE,0585729069,replace
75,INS-70074,اسم المؤمن له,PERSON_NAME,عادل الزهراني,replace
75,INS-70074,هوية / إقامة,SAUDI_ID,1574031710,replace
75,INS-70074,جوال,MOBILE,00966549577022,replace
76,INS-70075,اسم المؤمن له,PERSON_NAME,نايف الشهري,replace
76,INS-70075,هوية / إقامة,SAUDI_ID,1423648201,replace
76,INS-70075,جوال,MOBILE,00966546070895,replace
77,INS-70076,اسم المؤمن له,PERSON_NAME,صالح الغامدي,replace
77,INS-70076,هوية / إقامة,SAUDI_ID,1294906092,replace
77,INS-70076,جوال,MOBILE,0567166819,replace
78,INS-70077,اسم المؤمن له,PERSON_NAME,ثامر المحمدي,replace
78,INS-70077,هوية / إقامة,SAUDI_ID,2892716370,replace
78,INS-70077,جوال,MOBILE,+966 53 984 8660,replace
79,INS-70078,اسم المؤمن له,PERSON_NAME,منصور الأحمدي,replace
79,INS-70078,هوية / إقامة,SAUDI_ID,1442444574,replace
79,INS-70078,جوال,MOBILE,+966 50 022 8402,replace
80,INS-70079,اسم المؤمن له,PERSON_NAME,عهود البلوي,replace
80,INS-70079,هوية / إقامة,SAUDI_ID,1114617465,replace
80,INS-70079,جوال,MOBILE,054-739-0162,replace
81,INS-70080,اسم المؤمن له,PERSON_NAME,ثامر الحويطي,replace
81,INS-70080,هوية / إقامة,SAUDI_ID,2197945716,replace
81,INS-70080,جوال,MOBILE,0565298390,replace
82,INS-70081,اسم المؤمن له,PERSON_NAME,طلال العنزي,replace
82,INS-70081,هوية / إقامة,SAUDI_ID,2348494978,replace
82,INS-70081,جوال,MOBILE,0598642498,replace
83,INS-70082,اسم المؤمن له,PERSON_NAME,جود السلمي,replace
83,INS-70082,هوية / إقامة,SAUDI_ID,١٤١٦٤٣٦٩٧٨,replace
83,INS-70082,جوال,MOBILE,00966561926474,replace
84,INS-70083,اسم المؤمن له,PERSON_NAME,نايف الثبيتي,replace
84,INS-70083,هوية / إقامة,SAUDI_ID,2872063553,replace
84,INS-70083,جوال,MOBILE,٠٥٠٢٣١٤٢٠٥,replace
85,INS-70084,اسم المؤمن له,PERSON_NAME,حسام الحويطي,replace
85,INS-70084,هوية / إقامة,SAUDI_ID,2029277908,replace
85,INS-70084,جوال,MOBILE,+966 55 717 0677,replace
86,INS-70085,اسم المؤمن له,PERSON_NAME,مهند الغامدي,replace
86,INS-70085,هوية / إقامة,SAUDI_ID,2929986418,replace
86,INS-70085,جوال,MOBILE,(056) 966 6597,replace
87,INS-70086,اسم المؤمن له,PERSON_NAME,وعد باعشن,replace
87,INS-70086,هوية / إقامة,SAUDI_ID,2126353909,replace
87,INS-70086,جوال,MOBILE,٠٥٤٥٣٥٩٢٩٢,replace
88,INS-70087,اسم المؤمن له,PERSON_NAME,رزان العنزي,replace
88,INS-70087,هوية / إقامة,SAUDI_ID,2462031713,replace
88,INS-70087,جوال,MOBILE,+966 53 993 0563,replace
89,INS-70088,اسم المؤمن له,PERSON_NAME,غازي الحويطي,replace
89,INS-70088,هوية / إقامة,SAUDI_ID,2072288869,replace
89,INS-70088,جوال,MOBILE,053-547-3885,replace
90,INS-70089,اسم المؤمن له,PERSON_NAME,رهف الأحمدي,replace
90,INS-70089,هوية / إقامة,SAUDI_ID,2185671274,replace
90,INS-70089,جوال,MOBILE,055-882-2480,replace
91,INS-70090,اسم المؤمن له,PERSON_NAME,أنس الشهري,replace
91,INS-70090,هوية / إقامة,SAUDI_ID,2744657939,replace
91,INS-70090,جوال,MOBILE,0558965713,replace
92,INS-70091,اسم المؤمن له,PERSON_NAME,ريما المحمدي,replace
92,INS-70091,هوية / إقامة,SAUDI_ID,٢٤٠٢٦٣٤٦٨٣,replace
92,INS-70091,جوال,MOBILE,059-123-9782,replace
93,INS-70092,اسم المؤمن له,PERSON_NAME,أريج الثبيتي,replace
93,INS-70092,هوية / إقامة,SAUDI_ID,1788182606,replace
93,INS-70092,جوال,MOBILE,+966 53 743 4724,replace
94,INS-70093,اسم المؤمن له,PERSON_NAME,باسل اليامي,replace
94,INS-70093,هوية / إقامة,SAUDI_ID,١٤٨٤٨٠٥٧٣٢,replace
94,INS-70093,جوال,MOBILE,(050) 670 7173,replace
95,INS-70094,اسم المؤمن له,PERSON_NAME,نايف الحويطي,replace
95,INS-70094,هوية / إقامة,SAUDI_ID,1561864131,replace
95,INS-70094,جوال,MOBILE,٠٥٠٧٢٤٠٨٧١,replace
96,INS-70095,اسم المؤمن له,PERSON_NAME,مازن الثبيتي,replace
96,INS-70095,هوية / إقامة,SAUDI_ID,2062552498,replace
96,INS-70095,جوال,MOBILE,٠٥٨٦١٦٤٥٩٠,replace
97,INS-70096,اسم المؤمن له,PERSON_NAME,بشرى الحويطي,replace
97,INS-70096,هوية / إقامة,SAUDI_ID,٢٠٦٤٢٦٧٣٢٧,replace
97,INS-70096,جوال,MOBILE,+966 50 663 8571,replace
98,INS-70097,اسم المؤمن له,PERSON_NAME,مشاري الحويطي,replace
98,INS-70097,هوية / إقامة,SAUDI_ID,1633596885,replace
98,INS-70097,جوال,MOBILE,+966 55 365 2248,replace
99,INS-70098,اسم المؤمن له,PERSON_NAME,بندر العمري,replace
99,INS-70098,هوية / إقامة,SAUDI_ID,1454360353,replace
99,INS-70098,جوال,MOBILE,053-885-1643,replace
100,INS-70099,اسم المؤمن له,PERSON_NAME,هشام الصاعدي,replace
100,INS-70099,هوية / إقامة,SAUDI_ID,2716448515,replace
100,INS-70099,جوال,MOBILE,(056) 364 9399,replace
101,INS-70100,اسم المؤمن له,PERSON_NAME,مهند الزهراني,replace
101,INS-70100,هوية / إقامة,SAUDI_ID,1492045511,replace
101,INS-70100,جوال,MOBILE,٠٥٣٩٦٨٦٢٥٢,replace
102,INS-70101,اسم المؤمن له,PERSON_NAME,غدير الفيفي,replace
102,INS-70101,هوية / إقامة,SAUDI_ID,1326006895,replace
102,INS-70101,جوال,MOBILE,(056) 933 2392,replace
103,INS-70102,اسم المؤمن له,PERSON_NAME,دانة الجهني,replace
103,INS-70102,هوية / إقامة,SAUDI_ID,1318258470,replace
103,INS-70102,جوال,MOBILE,(055) 289 5183,replace
104,INS-70103,اسم المؤمن له,PERSON_NAME,ثامر المالكي,replace
104,INS-70103,هوية / إقامة,SAUDI_ID,1123057570,replace
104,INS-70103,جوال,MOBILE,00966546296901,replace
105,INS-70104,اسم المؤمن له,PERSON_NAME,ميار باعشن,replace
105,INS-70104,هوية / إقامة,SAUDI_ID,2249325750,replace
105,INS-70104,جوال,MOBILE,0569984075,replace
106,INS-70105,اسم المؤمن له,PERSON_NAME,بندر العنزي,replace
106,INS-70105,هوية / إقامة,SAUDI_ID,1300863832,replace
106,INS-70105,جوال,MOBILE,(059) 527 2234,replace
107,INS-70106,اسم المؤمن له,PERSON_NAME,صالح اليامي,replace
107,INS-70106,هوية / إقامة,SAUDI_ID,1402726333,replace
107,INS-70106,جوال,MOBILE,00966592728446,replace
108,INS-70107,اسم المؤمن له,PERSON_NAME,عادل العمري,replace
108,INS-70107,هوية / إقامة,SAUDI_ID,1325798351,replace
108,INS-70107,جوال,MOBILE,(058) 439 5534,replace
109,INS-70108,اسم المؤمن له,PERSON_NAME,غازي العمري,replace
109,INS-70108,هوية / إقامة,SAUDI_ID,2749831380,replace
109,INS-70108,جوال,MOBILE,0582996758,replace
110,INS-70109,اسم المؤمن له,PERSON_NAME,يزيد الحويطي,replace
110,INS-70109,هوية / إقامة,SAUDI_ID,2457300891,replace
110,INS-70109,جوال,MOBILE,00966558799967,replace
111,INS-70110,اسم المؤمن له,PERSON_NAME,هشام الغامدي,replace
111,INS-70110,هوية / إقامة,SAUDI_ID,1669572164,replace
111,INS-70110,جوال,MOBILE,00966507219605,replace
112,INS-70111,اسم المؤمن له,PERSON_NAME,طلال الحويطي,replace
112,INS-70111,هوية / إقامة,SAUDI_ID,2751941341,replace
112,INS-70111,جوال,MOBILE,(055) 724 2767,replace
113,INS-70112,اسم المؤمن له,PERSON_NAME,غازي الحازمي,replace
113,INS-70112,هوية / إقامة,SAUDI_ID,1592036352,replace
113,INS-70112,جوال,MOBILE,059-971-4087,replace
114,INS-70113,اسم المؤمن له,PERSON_NAME,ميار العمري,replace
114,INS-70113,هوية / إقامة,SAUDI_ID,١٦٣١٠٣٩٧٨٩,replace
114,INS-70113,جوال,MOBILE,0554439025,replace
115,INS-70114,اسم المؤمن له,PERSON_NAME,هيفاء باعشن,replace
115,INS-70114,هوية / إقامة,SAUDI_ID,2401656497,replace
115,INS-70114,جوال,MOBILE,(050) 462 1238,replace
116,INS-70115,اسم المؤمن له,PERSON_NAME,بشرى الثبيتي,replace
116,INS-70115,هوية / إقامة,SAUDI_ID,1241433174,replace
116,INS-70115,جوال,MOBILE,٠٥٠٩١٧٣٢٩٨,replace
117,INS-70116,اسم المؤمن له,PERSON_NAME,عادل السلمي,replace
117,INS-70116,هوية / إقامة,SAUDI_ID,١٠٧٢٩٤٨٨٧٨,replace
117,INS-70116,جوال,MOBILE,00966589196288,replace
118,INS-70117,اسم المؤمن له,PERSON_NAME,جود البلوي,replace
118,INS-70117,هوية / إقامة,SAUDI_ID,1935369171,replace
118,INS-70117,جوال,MOBILE,٠٥٦٠٣٨٦٨٣٦,replace
119,INS-70118,اسم المؤمن له,PERSON_NAME,عادل الزهراني,replace
119,INS-70118,هوية / إقامة,SAUDI_ID,2353930627,replace
119,INS-70118,جوال,MOBILE,055-528-1875,replace
120,INS-70119,اسم المؤمن له,PERSON_NAME,منصور البلوي,replace
120,INS-70119,هوية / إقامة,SAUDI_ID,1949072969,replace
120,INS-70119,جوال,MOBILE,00966552043571,replace
121,INS-70120,اسم المؤمن له,PERSON_NAME,ثامر الحازمي,replace
121,INS-70120,هوية / إقامة,SAUDI_ID,2039768029,replace
121,INS-70120,جوال,MOBILE,(053) 240 8076,replace
122,INS-70121,اسم المؤمن له,PERSON_NAME,رهف الفيفي,replace
122,INS-70121,هوية / إقامة,SAUDI_ID,٢٤٢٦٣٣٧٨٤٢,replace
122,INS-70121,جوال,MOBILE,0586615871,replace
123,INS-70122,اسم المؤمن له,PERSON_NAME,غدير الجهني,replace
123,INS-70122,هوية / إقامة,SAUDI_ID,٢٠٠٠٩٠٥٩٣١,replace
123,INS-70122,جوال,MOBILE,055-339-1483,replace
124,INS-70123,اسم المؤمن له,PERSON_NAME,شهد المحمدي,replace
124,INS-70123,هوية / إقامة,SAUDI_ID,1620430122,replace
124,INS-70123,جوال,MOBILE,00966580518349,replace
125,INS-70124,اسم المؤمن له,PERSON_NAME,نايف الثبيتي,replace
125,INS-70124,هوية / إقامة,SAUDI_ID,2678133162,replace
125,INS-70124,جوال,MOBILE,053-791-5929,replace
126,INS-70125,اسم المؤمن له,PERSON_NAME,هشام الثبيتي,replace
126,INS-70125,هوية / إقامة,SAUDI_ID,1711933547,replace
126,INS-70125,جوال,MOBILE,+966 55 299 1589,replace
127,INS-70126,اسم المؤمن له,PERSON_NAME,تهاني الجهني,replace
127,INS-70126,هوية / إقامة,SAUDI_ID,1919500569,replace
127,INS-70126,جوال,MOBILE,00966536906090,replace
128,INS-70127,اسم المؤمن له,PERSON_NAME,عمار العنزي,replace
128,INS-70127,هوية / إقامة,SAUDI_ID,١٠٤٩٧٢٨١٧١,replace
128,INS-70127,جوال,MOBILE,+966 59 092 6912,replace
129,INS-70128,اسم المؤمن له,PERSON_NAME,إياد الفيفي,replace
129,INS-70128,هوية / إقامة,SAUDI_ID,٢٢٦٢٠٣٥٨٩٨,replace
129,INS-70128,جوال,MOBILE,(059) 602 8129,replace
130,INS-70129,اسم المؤمن له,PERSON_NAME,غدير السلمي,replace
130,INS-70129,هوية / إقامة,SAUDI_ID,2171287333,replace
130,INS-70129,جوال,MOBILE,(059) 520 1903,replace
131,INS-70130,اسم المؤمن له,PERSON_NAME,رزان اليامي,replace
131,INS-70130,هوية / إقامة,SAUDI_ID,1709613598,replace
131,INS-70130,جوال,MOBILE,056-481-3864,replace
132,INS-70131,اسم المؤمن له,PERSON_NAME,طلال المالكي,replace
132,INS-70131,هوية / إقامة,SAUDI_ID,١٧١٤٢٠٤٤٢٥,replace
132,INS-70131,جوال,MOBILE,00966543504117,replace
133,INS-70132,اسم المؤمن له,PERSON_NAME,بشرى الجهني,replace
133,INS-70132,هوية / إقامة,SAUDI_ID,١٦٠٨٢٣٤٦٥٢,replace
133,INS-70132,جوال,MOBILE,+966 59 297 4925,replace
134,INS-70133,اسم المؤمن له,PERSON_NAME,إياد الحويطي,replace
134,INS-70133,هوية / إقامة,SAUDI_ID,2927623864,replace
134,INS-70133,جوال,MOBILE,00966566948076,replace
135,INS-70134,اسم المؤمن له,PERSON_NAME,تهاني الجهني,replace
135,INS-70134,هوية / إقامة,SAUDI_ID,٢٤٠٠٢٩٦٨٨١,replace
135,INS-70134,جوال,MOBILE,00966552836580,replace
136,INS-70135,اسم المؤمن له,PERSON_NAME,رزان باعشن,replace
136,INS-70135,هوية / إقامة,SAUDI_ID,٢٧٨٤٠٩٠٣٣٠,replace
136,INS-70135,جوال,MOBILE,053-215-4669,replace
137,INS-70136,اسم المؤمن له,PERSON_NAME,مشاري الزهراني,replace
137,INS-70136,هوية / إقامة,SAUDI_ID,1922033442,replace
137,INS-70136,جوال,MOBILE,+966 59 611 0665,replace
138,INS-70137,اسم المؤمن له,PERSON_NAME,عمار الشهري,replace
138,INS-70137,هوية / إقامة,SAUDI_ID,١٧١٠٩٩٢٩٥٧,replace
138,INS-70137,جوال,MOBILE,(058) 156 0346,replace
139,INS-70138,اسم المؤمن له,PERSON_NAME,عهود باعشن,replace
139,INS-70138,هوية / إقامة,SAUDI_ID,1241112612,replace
139,INS-70138,جوال,MOBILE,058-069-7137,replace
140,INS-70139,اسم المؤمن له,PERSON_NAME,باسل الغامدي,replace
140,INS-70139,هوية / إقامة,SAUDI_ID,١٧٠٢٣٨٧٨٢٨,replace
140,INS-70139,جوال,MOBILE,(055) 041 7058,replace
141,INS-70140,اسم المؤمن له,PERSON_NAME,رهف الغامدي,replace
141,INS-70140,هوية / إقامة,SAUDI_ID,2202317448,replace
141,INS-70140,جوال,MOBILE,0563851281,replace
142,INS-70141,اسم المؤمن له,PERSON_NAME,مازن السلمي,replace
142,INS-70141,هوية / إقامة,SAUDI_ID,2983222130,replace
142,INS-70141,جوال,MOBILE,055-972-3705,replace
143,INS-70142,اسم المؤمن له,PERSON_NAME,رائد الحازمي,replace
143,INS-70142,هوية / إقامة,SAUDI_ID,٢٠٨١٤٩٦٥٧٨,replace
143,INS-70142,جوال,MOBILE,(055) 976 9014,replace
144,INS-70143,اسم المؤمن له,PERSON_NAME,غدير الثبيتي,replace
144,INS-70143,هوية / إقامة,SAUDI_ID,1021459209,replace
144,INS-70143,جوال,MOBILE,055-343-8197,replace
145,INS-70144,اسم المؤمن له,PERSON_NAME,رائد السلمي,replace
145,INS-70144,هوية / إقامة,SAUDI_ID,1131441162,replace
145,INS-70144,جوال,MOBILE,0508838878,replace
146,INS-70145,اسم المؤمن له,PERSON_NAME,سديم الحازمي,replace
146,INS-70145,هوية / إقامة,SAUDI_ID,1874610890,replace
146,INS-70145,جوال,MOBILE,00966583187016,replace
147,INS-70146,اسم المؤمن له,PERSON_NAME,تهاني الجهني,replace
147,INS-70146,هوية / إقامة,SAUDI_ID,2839772684,replace
147,INS-70146,جوال,MOBILE,(050) 259 0376,replace
148,INS-70147,اسم المؤمن له,PERSON_NAME,هشام الشهري,replace
148,INS-70147,هوية / إقامة,SAUDI_ID,2094080773,replace
148,INS-70147,جوال,MOBILE,+966 59 561 3315,replace
149,INS-70148,اسم المؤمن له,PERSON_NAME,حسام البلوي,replace
149,INS-70148,هوية / إقامة,SAUDI_ID,١١٢٧٢١٥٢٣٢,replace
149,INS-70148,جوال,MOBILE,٠٥٠٢٣٠٦٥٢٤,replace
150,INS-70149,اسم المؤمن له,PERSON_NAME,أنس الحازمي,replace
150,INS-70149,هوية / إقامة,SAUDI_ID,2295941518,replace
150,INS-70149,جوال,MOBILE,0554839065,replace
151,INS-70150,اسم المؤمن له,PERSON_NAME,عادل الزهراني,replace
151,INS-70150,هوية / إقامة,SAUDI_ID,1962652812,replace
151,INS-70150,جوال,MOBILE,053-930-6346,replace
152,INS-70151,اسم المؤمن له,PERSON_NAME,دانة العنزي,replace
152,INS-70151,هوية / إقامة,SAUDI_ID,1230025056,replace
152,INS-70151,جوال,MOBILE,054-535-7229,replace
153,INS-70152,اسم المؤمن له,PERSON_NAME,شهد العنزي,replace
153,INS-70152,هوية / إقامة,SAUDI_ID,2998861302,replace
153,INS-70152,جوال,MOBILE,00966534989849,replace
154,INS-70153,اسم المؤمن له,PERSON_NAME,عادل العنزي,replace
154,INS-70153,هوية / إقامة,SAUDI_ID,2188570440,replace
154,INS-70153,جوال,MOBILE,0568129176,replace
155,INS-70154,اسم المؤمن له,PERSON_NAME,أنس الزهراني,replace
155,INS-70154,هوية / إقامة,SAUDI_ID,1893763209,replace
155,INS-70154,جوال,MOBILE,00966582006273,replace
156,INS-70155,اسم المؤمن له,PERSON_NAME,غازي السلمي,replace
156,INS-70155,هوية / إقامة,SAUDI_ID,٢٥٧٢١٩٩٨٤٨,replace
156,INS-70155,جوال,MOBILE,٠٥٣٤٧٧٣٦٠٧,replace
157,INS-70156,اسم المؤمن له,PERSON_NAME,مشاري اليامي,replace
157,INS-70156,هوية / إقامة,SAUDI_ID,2162605980,replace
157,INS-70156,جوال,MOBILE,(054) 780 2503,replace
158,INS-70157,اسم المؤمن له,PERSON_NAME,عادل اليامي,replace
158,INS-70157,هوية / إقامة,SAUDI_ID,1903649018,replace
158,INS-70157,جوال,MOBILE,(056) 622 4824,replace
159,INS-70158,اسم المؤمن له,PERSON_NAME,عادل البلوي,replace
159,INS-70158,هوية / إقامة,SAUDI_ID,2335366411,replace
159,INS-70158,جوال,MOBILE,٠٥٠٠٩٣١٢٤٤,replace
160,INS-70159,اسم المؤمن له,PERSON_NAME,ثامر الحويطي,replace
160,INS-70159,هوية / إقامة,SAUDI_ID,2350138315,replace
160,INS-70159,جوال,MOBILE,(055) 868 1286,replace
161,INS-70160,اسم المؤمن له,PERSON_NAME,بشرى المحمدي,replace
161,INS-70160,هوية / إقامة,SAUDI_ID,1164155994,replace
161,INS-70160,جوال,MOBILE,(050) 910 1760,replace
162,INS-70161,اسم المؤمن له,PERSON_NAME,دانة الأحمدي,replace
162,INS-70161,هوية / إقامة,SAUDI_ID,2689256556,replace
162,INS-70161,جوال,MOBILE,054-403-0119,replace
163,INS-70162,اسم المؤمن له,PERSON_NAME,مها الشهري,replace
163,INS-70162,هوية / إقامة,SAUDI_ID,1191694767,replace
163,INS-70162,جوال,MOBILE,058-011-3889,replace
164,INS-70163,اسم المؤمن له,PERSON_NAME,سديم العنزي,replace
164,INS-70163,هوية / إقامة,SAUDI_ID,1930938681,replace
164,INS-70163,جوال,MOBILE,+966 53 606 4541,replace
165,INS-70164,اسم المؤمن له,PERSON_NAME,نايف الفيفي,replace
165,INS-70164,هوية / إقامة,SAUDI_ID,1698078324,replace
165,INS-70164,جوال,MOBILE,0588391123,replace
166,INS-70165,اسم المؤمن له,PERSON_NAME,طلال الشريف,replace
166,INS-70165,هوية / إقامة,SAUDI_ID,1019557675,replace
166,INS-70165,جوال,MOBILE,0546322576,replace
167,INS-70166,اسم المؤمن له,PERSON_NAME,مها الشريف,replace
167,INS-70166,هوية / إقامة,SAUDI_ID,١٩٦٠٥٨٥٨١٦,replace
167,INS-70166,جوال,MOBILE,0582342289,replace
168,INS-70167,اسم المؤمن له,PERSON_NAME,طلال الشهري,replace
168,INS-70167,هوية / إقامة,SAUDI_ID,2126466321,replace
168,INS-70167,جوال,MOBILE,055-171-1748,replace
169,INS-70168,اسم المؤمن له,PERSON_NAME,مهند الشريف,replace
169,INS-70168,هوية / إقامة,SAUDI_ID,2886016860,replace
169,INS-70168,جوال,MOBILE,(059) 992 1983,replace
170,INS-70169,اسم المؤمن له,PERSON_NAME,ريما المالكي,replace
170,INS-70169,هوية / إقامة,SAUDI_ID,2425165368,replace
170,INS-70169,جوال,MOBILE,+966 54 858 2417,replace
171,INS-70170,اسم المؤمن له,PERSON_NAME,أنس الصاعدي,replace
171,INS-70170,هوية / إقامة,SAUDI_ID,2618131342,replace
171,INS-70170,جوال,MOBILE,+966 50 390 3584,replace
172,INS-70171,اسم المؤمن له,PERSON_NAME,وعد السلمي,replace
172,INS-70171,هوية / إقامة,SAUDI_ID,1520740224,replace
172,INS-70171,جوال,MOBILE,(054) 998 2102,replace
173,INS-70172,اسم المؤمن له,PERSON_NAME,مهند الرويلي,replace
173,INS-70172,هوية / إقامة,SAUDI_ID,1231268234,replace
173,INS-70172,جوال,MOBILE,058-909-0402,replace
174,INS-70173,اسم المؤمن له,PERSON_NAME,ثامر المالكي,replace
174,INS-70173,هوية / إقامة,SAUDI_ID,٢٨٧٢٤١١٧٩٤,replace
174,INS-70173,جوال,MOBILE,056-647-6508,replace
175,INS-70174,اسم المؤمن له,PERSON_NAME,ريما الحويطي,replace
175,INS-70174,هوية / إقامة,SAUDI_ID,1108651587,replace
175,INS-70174,جوال,MOBILE,٠٥٠٤٨٦٤٤٢٩,replace
176,INS-70175,اسم المؤمن له,PERSON_NAME,تهاني المالكي,replace
176,INS-70175,هوية / إقامة,SAUDI_ID,1751842855,replace
176,INS-70175,جوال,MOBILE,054-299-0526,replace
177,INS-70176,اسم المؤمن له,PERSON_NAME,مهند الغامدي,replace
177,INS-70176,هوية / إقامة,SAUDI_ID,١٥٥٨٧٦٧٢٧١,replace
177,INS-70176,جوال,MOBILE,00966531482936,replace
178,INS-70177,اسم المؤمن له,PERSON_NAME,نجلاء الثبيتي,replace
178,INS-70177,هوية / إقامة,SAUDI_ID,2031562040,replace
178,INS-70177,جوال,MOBILE,(055) 155 7851,replace
179,INS-70178,اسم المؤمن له,PERSON_NAME,عهود الغامدي,replace
179,INS-70178,هوية / إقامة,SAUDI_ID,1701588806,replace
179,INS-70178,جوال,MOBILE,0544361998,replace
180,INS-70179,اسم المؤمن له,PERSON_NAME,عمار الصاعدي,replace
180,INS-70179,هوية / إقامة,SAUDI_ID,١١٥٠٧٦٩١٨٨,replace
180,INS-70179,جوال,MOBILE,0532612785,replace
181,INS-70180,اسم المؤمن له,PERSON_NAME,يزيد الأحمدي,replace
181,INS-70180,هوية / إقامة,SAUDI_ID,1095997514,replace
181,INS-70180,جوال,MOBILE,(056) 150 5398,replace
182,INS-70181,اسم المؤمن له,PERSON_NAME,إياد المالكي,replace
182,INS-70181,هوية / إقامة,SAUDI_ID,1326606777,replace
182,INS-70181,جوال,MOBILE,+966 50 780 8869,replace
183,INS-70182,اسم المؤمن له,PERSON_NAME,شهد الزهراني,replace
183,INS-70182,هوية / إقامة,SAUDI_ID,2632486052,replace
183,INS-70182,جوال,MOBILE,٠٥٩٧٤٤٩٦٧٧,replace
184,INS-70183,اسم المؤمن له,PERSON_NAME,ميار الصاعدي,replace
184,INS-70183,هوية / إقامة,SAUDI_ID,2172584548,replace
184,INS-70183,جوال,MOBILE,053-898-2220,replace
185,INS-70184,اسم المؤمن له,PERSON_NAME,مهند السلمي,replace
185,INS-70184,هوية / إقامة,SAUDI_ID,2815271685,replace
185,INS-70184,جوال,MOBILE,(050) 057 3463,replace
186,INS-70185,اسم المؤمن له,PERSON_NAME,أريج الجهني,replace
186,INS-70185,هوية / إقامة,SAUDI_ID,٢٠٦٨١٢٣٤٢٧,replace
186,INS-70185,جوال,MOBILE,٠٥٦٢٦٥١٨٧٦,replace
187,INS-70186,اسم المؤمن له,PERSON_NAME,مشاري الثبيتي,replace
187,INS-70186,هوية / إقامة,SAUDI_ID,2449571716,replace
187,INS-70186,جوال,MOBILE,(054) 557 8822,replace
188,INS-70187,اسم المؤمن له,PERSON_NAME,رائد الثبيتي,replace
188,INS-70187,هوية / إقامة,SAUDI_ID,١٨٤٥٩٢٧٩٠٢,replace
188,INS-70187,جوال,MOBILE,+966 54 328 9481,replace
189,INS-70188,اسم المؤمن له,PERSON_NAME,يزيد الزهراني,replace
189,INS-70188,هوية / إقامة,SAUDI_ID,2593437722,replace
189,INS-70188,جوال,MOBILE,+966 56 932 7369,replace
190,INS-70189,اسم المؤمن له,PERSON_NAME,عمار السلمي,replace
190,INS-70189,هوية / إقامة,SAUDI_ID,١٤٠٨٢٧٨٩٠٩,replace
190,INS-70189,جوال,MOBILE,0546284631,replace
191,INS-70190,اسم المؤمن له,PERSON_NAME,دانة العمري,replace
191,INS-70190,هوية / إقامة,SAUDI_ID,1269405070,replace
191,INS-70190,جوال,MOBILE,00966535443659,replace
192,INS-70191,اسم المؤمن له,PERSON_NAME,سديم المحمدي,replace
192,INS-70191,هوية / إقامة,SAUDI_ID,١٨٨٧٢٣٢٧٢٤,replace
192,INS-70191,جوال,MOBILE,٠٥٥٤٦١٩٠٢١,replace
193,INS-70192,اسم المؤمن له,PERSON_NAME,إياد المالكي,replace
193,INS-70192,هوية / إقامة,SAUDI_ID,2495390631,replace
193,INS-70192,جوال,MOBILE,+966 56 212 5050,replace
194,INS-70193,اسم المؤمن له,PERSON_NAME,مشاري الحويطي,replace
194,INS-70193,هوية / إقامة,SAUDI_ID,2031018076,replace
194,INS-70193,جوال,MOBILE,0531981467,replace
195,INS-70194,اسم المؤمن له,PERSON_NAME,عادل المحمدي,replace
195,INS-70194,هوية / إقامة,SAUDI_ID,1140315159,replace
195,INS-70194,جوال,MOBILE,00966545082848,replace
196,INS-70195,اسم المؤمن له,PERSON_NAME,عهود الرويلي,replace
196,INS-70195,هوية / إقامة,SAUDI_ID,١١٩٣٠٣٠١٢٧,replace
196,INS-70195,جوال,MOBILE,٠٥٩٧٤١٩٨٩٠,replace
197,INS-70196,اسم المؤمن له,PERSON_NAME,عادل السلمي,replace
197,INS-70196,هوية / إقامة,SAUDI_ID,2302712746,replace
197,INS-70196,جوال,MOBILE,00966531926360,replace
198,INS-70197,اسم المؤمن له,PERSON_NAME,عمار الحويطي,replace
198,INS-70197,هوية / إقامة,SAUDI_ID,2226904288,replace
198,INS-70197,جوال,MOBILE,+966 58 532 2718,replace
199,INS-70198,اسم المؤمن له,PERSON_NAME,رزان باعشن,replace
199,INS-70198,هوية / إقامة,SAUDI_ID,1553813260,replace
199,INS-70198,جوال,MOBILE,0591238814,replace
200,INS-70199,اسم المؤمن له,PERSON_NAME,يزيد السلمي,replace
200,INS-70199,هوية / إقامة,SAUDI_ID,1709564650,replace
200,INS-70199,جوال,MOBILE,٠٥٠٧٠٤٩٠٦٠,replace
201,INS-70200,اسم المؤمن له,PERSON_NAME,ريما الحازمي,replace
201,INS-70200,هوية / إقامة,SAUDI_ID,2613267208,replace
201,INS-70200,جوال,MOBILE,٠٥٠٨٩٩٦٧٧٩,replace
202,INS-70201,اسم المؤمن له,PERSON_NAME,هيفاء الحازمي,replace
202,INS-70201,هوية / إقامة,SAUDI_ID,2057993343,replace
202,INS-70201,جوال,MOBILE,0584649949,replace
203,INS-70202,اسم المؤمن له,PERSON_NAME,حسام الحويطي,replace
203,INS-70202,هوية / إقامة,SAUDI_ID,1622192829,replace
203,INS-70202,جوال,MOBILE,0503495871,replace
204,INS-70203,اسم المؤمن له,PERSON_NAME,غدير العمري,replace
204,INS-70203,هوية / إقامة,SAUDI_ID,1386363988,replace
204,INS-70203,جوال,MOBILE,+966 55 609 2357,replace
205,INS-70204,اسم المؤمن له,PERSON_NAME,حسام الأحمدي,replace
205,INS-70204,هوية / إقامة,SAUDI_ID,2921126435,replace
205,INS-70204,جوال,MOBILE,٠٥٤٧٢٧٦٧٧٤,replace
206,INS-70205,اسم المؤمن له,PERSON_NAME,غازي الصاعدي,replace
206,INS-70205,هوية / إقامة,SAUDI_ID,2162829853,replace
206,INS-70205,جوال,MOBILE,059-680-7691,replace
207,INS-70206,اسم المؤمن له,PERSON_NAME,جود الحازمي,replace
207,INS-70206,هوية / إقامة,SAUDI_ID,2937182778,replace
207,INS-70206,جوال,MOBILE,050-981-1500,replace
208,INS-70207,اسم المؤمن له,PERSON_NAME,مهند المحمدي,replace
208,INS-70207,هوية / إقامة,SAUDI_ID,1281014579,replace
208,INS-70207,جوال,MOBILE,0594893595,replace
209,INS-70208,اسم المؤمن له,PERSON_NAME,مها الصاعدي,replace
209,INS-70208,هوية / إقامة,SAUDI_ID,1860251188,replace
209,INS-70208,جوال,MOBILE,+966 53 298 4910,replace
210,INS-70209,اسم المؤمن له,PERSON_NAME,أريج الحويطي,replace
210,INS-70209,هوية / إقامة,SAUDI_ID,2287519280,replace
210,INS-70209,جوال,MOBILE,٠٥٣٤٠٨٩٢٥٠,replace
211,INS-70210,اسم المؤمن له,PERSON_NAME,إياد الفيفي,replace
211,INS-70210,هوية / إقامة,SAUDI_ID,2267488019,replace
211,INS-70210,جوال,MOBILE,٠٥٤٥٨٤٦٢٢٤,replace
212,INS-70211,اسم المؤمن له,PERSON_NAME,طلال الأحمدي,replace
212,INS-70211,هوية / إقامة,SAUDI_ID,1127726600,replace
212,INS-70211,جوال,MOBILE,053-190-4907,replace
213,INS-70212,اسم المؤمن له,PERSON_NAME,دانة العمري,replace
213,INS-70212,هوية / إقامة,SAUDI_ID,2830004533,replace
213,INS-70212,جوال,MOBILE,+966 58 942 2144,replace
214,INS-70213,اسم المؤمن له,PERSON_NAME,تهاني اليامي,replace
214,INS-70213,هوية / إقامة,SAUDI_ID,2881062984,replace
214,INS-70213,جوال,MOBILE,+966 55 779 3141,replace
215,INS-70214,اسم المؤمن له,PERSON_NAME,تهاني الزهراني,replace
215,INS-70214,هوية / إقامة,SAUDI_ID,1406994416,replace
215,INS-70214,جوال,MOBILE,050-750-2760,replace
216,INS-70215,اسم المؤمن له,PERSON_NAME,ريما اليامي,replace
216,INS-70215,هوية / إقامة,SAUDI_ID,١٥٥٦٥٤١٢٥٦,replace
216,INS-70215,جوال,MOBILE,(054) 606 8906,replace
217,INS-70216,اسم المؤمن له,PERSON_NAME,هشام المالكي,replace
217,INS-70216,هوية / إقامة,SAUDI_ID,2388849008,replace
217,INS-70216,جوال,MOBILE,+966 55 765 9586,replace
218,INS-70217,اسم المؤمن له,PERSON_NAME,رزان الشهري,replace
218,INS-70217,هوية / إقامة,SAUDI_ID,٢٢٧٥١٩٩٧٤٩,replace
218,INS-70217,جوال,MOBILE,0588784333,replace
219,INS-70218,اسم المؤمن له,PERSON_NAME,لجين المالكي,replace
219,INS-70218,هوية / إقامة,SAUDI_ID,2452357102,replace
219,INS-70218,جوال,MOBILE,(053) 696 5496,replace
220,INS-70219,اسم المؤمن له,PERSON_NAME,عادل اليامي,replace
220,INS-70219,هوية / إقامة,SAUDI_ID,2642444109,replace
220,INS-70219,جوال,MOBILE,+966 54 647 1682,replace
221,INS-70220,اسم المؤمن له,PERSON_NAME,وليد الزهراني,replace
221,INS-70220,هوية / إقامة,SAUDI_ID,2675314666,replace
221,INS-70220,جوال,MOBILE,056-118-5031,replace
222,INS-70221,اسم المؤمن له,PERSON_NAME,منصور الصاعدي,replace
222,INS-70221,هوية / إقامة,SAUDI_ID,2538501152,replace
222,INS-70221,جوال,MOBILE,055-720-6601,replace
223,INS-70222,اسم المؤمن له,PERSON_NAME,شهد الغامدي,replace
223,INS-70222,هوية / إقامة,SAUDI_ID,1707970297,replace
223,INS-70222,جوال,MOBILE,0562552547,replace
224,INS-70223,اسم المؤمن له,PERSON_NAME,منصور باعشن,replace
224,INS-70223,هوية / إقامة,SAUDI_ID,1404251538,replace
224,INS-70223,جوال,MOBILE,0543258295,replace
225,INS-70224,اسم المؤمن له,PERSON_NAME,رهف العنزي,replace
225,INS-70224,هوية / إقامة,SAUDI_ID,2733036145,replace
225,INS-70224,جوال,MOBILE,0559158415,replace
226,INS-70225,اسم المؤمن له,PERSON_NAME,بندر الفيفي,replace
226,INS-70225,هوية / إقامة,SAUDI_ID,2474277635,replace
226,INS-70225,جوال,MOBILE,(056) 357 0018,replace
227,INS-70226,اسم المؤمن له,PERSON_NAME,عمار الشهري,replace
227,INS-70226,هوية / إقامة,SAUDI_ID,2583577099,replace
227,INS-70226,جوال,MOBILE,+966 56 367 5148,replace
228,INS-70227,اسم المؤمن له,PERSON_NAME,منصور الشريف,replace
228,INS-70227,هوية / إقامة,SAUDI_ID,2166198560,replace
228,INS-70227,جوال,MOBILE,059-728-1304,replace
229,INS-70228,اسم المؤمن له,PERSON_NAME,ثامر الثبيتي,replace
229,INS-70228,هوية / إقامة,SAUDI_ID,1220141103,replace
229,INS-70228,جوال,MOBILE,+966 59 611 2746,replace
230,INS-70229,اسم المؤمن له,PERSON_NAME,رزان الزهراني,replace
230,INS-70229,هوية / إقامة,SAUDI_ID,2788174650,replace
230,INS-70229,جوال,MOBILE,050-224-1002,replace
231,INS-70230,اسم المؤمن له,PERSON_NAME,منيرة البلوي,replace
231,INS-70230,هوية / إقامة,SAUDI_ID,2457259352,replace
231,INS-70230,جوال,MOBILE,(056) 466 1295,replace
232,INS-70231,اسم المؤمن له,PERSON_NAME,حسام الفيفي,replace
232,INS-70231,هوية / إقامة,SAUDI_ID,1765297112,replace
232,INS-70231,جوال,MOBILE,٠٥٠٣٠٠٣٩٩٧,replace
233,INS-70232,اسم المؤمن له,PERSON_NAME,منصور الغامدي,replace
233,INS-70232,هوية / إقامة,SAUDI_ID,1816986812,replace
233,INS-70232,جوال,MOBILE,00966549306013,replace
234,INS-70233,اسم المؤمن له,PERSON_NAME,تهاني الثبيتي,replace
234,INS-70233,هوية / إقامة,SAUDI_ID,٢٣٤١٨٢١١٠٢,replace
234,INS-70233,جوال,MOBILE,(053) 086 7668,replace
235,INS-70234,اسم المؤمن له,PERSON_NAME,صالح باعشن,replace
235,INS-70234,هوية / إقامة,SAUDI_ID,2064000884,replace
235,INS-70234,جوال,MOBILE,00966505512939,replace
236,INS-70235,اسم المؤمن له,PERSON_NAME,هشام الحازمي,replace
236,INS-70235,هوية / إقامة,SAUDI_ID,1534633969,replace
236,INS-70235,جوال,MOBILE,+966 59 160 5692,replace
237,INS-70236,اسم المؤمن له,PERSON_NAME,مهند الزهراني,replace
237,INS-70236,هوية / إقامة,SAUDI_ID,1939520076,replace
237,INS-70236,جوال,MOBILE,056-817-7076,replace
238,INS-70237,اسم المؤمن له,PERSON_NAME,صالح الفيفي,replace
238,INS-70237,هوية / إقامة,SAUDI_ID,1907833436,replace
238,INS-70237,جوال,MOBILE,(054) 549 1072,replace
239,INS-70238,اسم المؤمن له,PERSON_NAME,طلال اليامي,replace
239,INS-70238,هوية / إقامة,SAUDI_ID,2809089820,replace
239,INS-70238,جوال,MOBILE,(054) 707 2577,replace
240,INS-70239,اسم المؤمن له,PERSON_NAME,عمار الغامدي,replace
240,INS-70239,هوية / إقامة,SAUDI_ID,2155529494,replace
240,INS-70239,جوال,MOBILE,00966502418436,replace
241,INS-70240,اسم المؤمن له,PERSON_NAME,عمار المالكي,replace
241,INS-70240,هوية / إقامة,SAUDI_ID,1164323410,replace
241,INS-70240,جوال,MOBILE,٠٥٠٢٠٤٥٦٦٥,replace
242,INS-70241,اسم المؤمن له,PERSON_NAME,بشرى الأحمدي,replace
242,INS-70241,هوية / إقامة,SAUDI_ID,1688432366,replace
242,INS-70241,جوال,MOBILE,00966540475731,replace
243,INS-70242,اسم المؤمن له,PERSON_NAME,ثامر البلوي,replace
243,INS-70242,هوية / إقامة,SAUDI_ID,1749071393,replace
243,INS-70242,جوال,MOBILE,0545242016,replace
244,INS-70243,اسم المؤمن له,PERSON_NAME,بندر الحازمي,replace
244,INS-70243,هوية / إقامة,SAUDI_ID,1806865422,replace
244,INS-70243,جوال,MOBILE,00966580554203,replace
245,INS-70244,اسم المؤمن له,PERSON_NAME,أريج الرويلي,replace
245,INS-70244,هوية / إقامة,SAUDI_ID,1192588562,replace
245,INS-70244,جوال,MOBILE,0530883647,replace
246,INS-70245,اسم المؤمن له,PERSON_NAME,لجين الجهني,replace
246,INS-70245,هوية / إقامة,SAUDI_ID,2711257515,replace
246,INS-70245,جوال,MOBILE,050-670-1050,replace
247,INS-70246,اسم المؤمن له,PERSON_NAME,تهاني الجهني,replace
247,INS-70246,هوية / إقامة,SAUDI_ID,1976376945,replace
247,INS-70246,جوال,MOBILE,00966567257560,replace
248,INS-70247,اسم المؤمن له,PERSON_NAME,ميار الشهري,replace
248,INS-70247,هوية / إقامة,SAUDI_ID,2679313839,replace
248,INS-70247,جوال,MOBILE,00966559204442,replace
249,INS-70248,اسم المؤمن له,PERSON_NAME,وليد الشريف,replace
249,INS-70248,هوية / إقامة,SAUDI_ID,1115961623,replace
249,INS-70248,جوال,MOBILE,(053) 623 2039,replace
250,INS-70249,اسم المؤمن له,PERSON_NAME,مازن باعشن,replace
250,INS-70249,هوية / إقامة,SAUDI_ID,1505697910,replace
250,INS-70249,جوال,MOBILE,٠٥٥١٥٩٧٩٩٩,replace
251,INS-70250,اسم المؤمن له,PERSON_NAME,ميار باعشن,replace
251,INS-70250,هوية / إقامة,SAUDI_ID,2586990828,replace
251,INS-70250,جوال,MOBILE,00966531290532,replace
252,INS-70251,اسم المؤمن له,PERSON_NAME,لولوة المحمدي,replace
252,INS-70251,هوية / إقامة,SAUDI_ID,1174502938,replace
252,INS-70251,جوال,MOBILE,٠٥٩٨٤٥٣٥٦٨,replace
253,INS-70252,اسم المؤمن له,PERSON_NAME,مها العمري,replace
253,INS-70252,هوية / إقامة,SAUDI_ID,1694099076,replace
253,INS-70252,جوال,MOBILE,00966566552688,replace
254,INS-70253,اسم المؤمن له,PERSON_NAME,هشام الشريف,replace
254,INS-70253,هوية / إقامة,SAUDI_ID,1125761047,replace
254,INS-70253,جوال,MOBILE,053-356-3880,replace
255,INS-70254,اسم المؤمن له,PERSON_NAME,ثامر باعشن,replace
255,INS-70254,هوية / إقامة,SAUDI_ID,1973717133,replace
255,INS-70254,جوال,MOBILE,(058) 892 5743,replace
256,INS-70255,اسم المؤمن له,PERSON_NAME,لولوة الفيفي,replace
256,INS-70255,هوية / إقامة,SAUDI_ID,2261856823,replace
256,INS-70255,جوال,MOBILE,٠٥٠٠٠٢٥٤٦٧,replace
257,INS-70256,اسم المؤمن له,PERSON_NAME,مهند الغامدي,replace
257,INS-70256,هوية / إقامة,SAUDI_ID,2561091279,replace
257,INS-70256,جوال,MOBILE,053-694-8530,replace
258,INS-70257,اسم المؤمن له,PERSON_NAME,رائد الفيفي,replace
258,INS-70257,هوية / إقامة,SAUDI_ID,1893909513,replace
258,INS-70257,جوال,MOBILE,(059) 156 1915,replace
259,INS-70258,اسم المؤمن له,PERSON_NAME,أنس الرويلي,replace
259,INS-70258,هوية / إقامة,SAUDI_ID,1151087580,replace
259,INS-70258,جوال,MOBILE,056-687-7898,replace
260,INS-70259,اسم المؤمن له,PERSON_NAME,تهاني الحويطي,replace
260,INS-70259,هوية / إقامة,SAUDI_ID,٢٦٤٠٧٥٥٦٩٦,replace
260,INS-70259,جوال,MOBILE,056-686-5924,replace
1,CLM-900000,وصف المطالبة,MOBILE,966582508276,replace
3,CLM-900002,وصف المطالبة,MOBILE,966508174556,replace
4,CLM-900003,وصف المطالبة,MOBILE,966596956678,replace
5,CLM-900004,وصف المطالبة,SAUDI_ID,2270604990,replace
6,CLM-900005,وصف المطالبة,SAUDI_ID,1325873179,ignore
7,CLM-900006,وصف المطالبة,EMAIL,kdana.5006_41@inbox.example.net,replace
12,CLM-900011,وصف المطالبة,MOBILE,966581233174,replace
13,CLM-900012,وصف المطالبة,EMAIL,nsara.5012_26@mail.example.com,replace
14,CLM-900013,وصف المطالبة,SAUDI_ID,1532099155,review
15,CLM-900014,وصف المطالبة,PERSON_NAME,تهاني الغامدي,replace
19,CLM-900018,وصف المطالبة,PERSON_NAME,ريما الغامدي,replace
21,CLM-900020,وصف المطالبة,SAUDI_ID,2948997677,replace
23,CLM-900022,وصف المطالبة,PERSON_NAME,شهد اليامي,replace
24,CLM-900023,وصف المطالبة,MOBILE,966551007575,replace
25,CLM-900024,وصف المطالبة,EMAIL,komar.502455@mail.example.com,replace
27,CLM-900026,وصف المطالبة,MOBILE,966506606794,replace
28,CLM-900027,وصف المطالبة,SAUDI_ID,1766764370,ignore
29,CLM-900028,وصف المطالبة,EMAIL,nsara.502843@mail.example.com,replace
30,CLM-900029,وصف المطالبة,SAUDI_ID,2768947943,replace
31,CLM-900030,وصف المطالبة,SAUDI_ID,1561572425,ignore
32,CLM-900031,وصف المطالبة,SAUDI_ID,1712958629,ignore
33,CLM-900032,وصف المطالبة,SAUDI_ID,1175102142,review
34,CLM-900033,وصف المطالبة,PERSON_NAME,ثامر البلوي,replace
35,CLM-900034,وصف المطالبة,SAUDI_ID,1997014095,review
36,CLM-900035,وصف المطالبة,PERSON_NAME,لجين الرويلي,replace
37,CLM-900036,وصف المطالبة,SAUDI_ID,1951550909,ignore
41,CLM-900040,وصف المطالبة,EMAIL,snoor.504096@example.org,replace
42,CLM-900041,وصف المطالبة,SAUDI_ID,2361788629,replace
43,CLM-900042,وصف المطالبة,MOBILE,966540735468,replace
46,CLM-900045,وصف المطالبة,PERSON_NAME,عهود العنزي,replace
47,CLM-900046,وصف المطالبة,IBAN,sa0345703146705192663971,replace
48,CLM-900047,وصف المطالبة,EMAIL,somar.5047.49@mail.example.com,replace
49,CLM-900048,وصف المطالبة,SAUDI_ID,2307995957,replace
50,CLM-900049,وصف المطالبة,EMAIL,msara.5049.86@inbox.example.net,replace
51,CLM-900050,وصف المطالبة,EMAIL,komar.5050_94@example.org,replace
52,CLM-900051,وصف المطالبة,SAUDI_ID,1065194729,ignore
53,CLM-900052,وصف المطالبة,PERSON_NAME,وعد الأحمدي,replace
54,CLM-900053,وصف المطالبة,IBAN,SA3176719484686130314056,replace
55,CLM-900054,وصف المطالبة,SAUDI_ID,2004740912,replace
57,CLM-900056,وصف المطالبة,EMAIL,sali.5056.96@example.org,replace
58,CLM-900057,وصف المطالبة,IBAN,SA53 0677 3377 6031 8716 7535,replace
60,CLM-900059,وصف المطالبة,SAUDI_ID,1994771406,ignore
61,CLM-900060,وصف المطالبة,SAUDI_ID,1250112005,ignore
62,CLM-900061,وصف المطالبة,SAUDI_ID,1922629652,review
65,CLM-900064,وصف المطالبة,PERSON_NAME,رزان الفيفي,replace
66,CLM-900065,وصف المطالبة,EMAIL,nomar.5065_46@mail.example.com,replace
67,CLM-900066,وصف المطالبة,IBAN,sa0222373306544596849327,replace
68,CLM-900067,وصف المطالبة,EMAIL,snoor.5067.59@example.org,replace
70,CLM-900069,وصف المطالبة,MOBILE,966500606194,replace
71,CLM-900070,وصف المطالبة,PERSON_NAME,إياد البلوي,replace
72,CLM-900071,وصف المطالبة,EMAIL,nali.5071.97@mail.example.com,replace
73,CLM-900072,وصف المطالبة,EMAIL,mali.507267@example.org,replace
74,CLM-900073,وصف المطالبة,EMAIL,kfahad.5073.45@inbox.example.net,replace
75,CLM-900074,وصف المطالبة,SAUDI_ID,1022874507,ignore
76,CLM-900075,وصف المطالبة,SAUDI_ID,1112785673,ignore
77,CLM-900076,وصف المطالبة,SAUDI_ID,1310039416,ignore
78,CLM-900077,وصف المطالبة,SAUDI_ID,1072966680,review
79,CLM-900078,وصف المطالبة,IBAN,SA0660023225468473279490,replace
80,CLM-900079,وصف المطالبة,MOBILE,966594519370,replace
81,CLM-900080,وصف المطالبة,SAUDI_ID,1542495328,review
84,CLM-900083,وصف المطالبة,EMAIL,rali.5083.39@mail.example.com,replace
85,CLM-900084,وصف المطالبة,IBAN,SA 4008335262485759483968,replace
86,CLM-900085,وصف المطالبة,IBAN,SA8451107191020286627858,replace
89,CLM-900088,وصف المطالبة,SAUDI_ID,1230620684,ignore
90,CLM-900089,وصف المطالبة,EMAIL,sali.5089.61@inbox.example.net,replace
91,CLM-900090,وصف المطالبة,SAUDI_ID,1510938168,review
93,CLM-900092,وصف المطالبة,MOBILE,966531313053,replace
94,CLM-900093,وصف المطالبة,MOBILE,966532695086,replace
95,CLM-900094,وصف المطالبة,IBAN,sa7378414783547741464153,replace
96,CLM-900095,وصف المطالبة,IBAN,SA 2044868528639356218430,replace
97,CLM-900096,وصف المطالبة,SAUDI_ID,1542885379,review
98,CLM-900097,وصف المطالبة,PERSON_NAME,مهند الأحمدي,replace
99,CLM-900098,وصف المطالبة,SAUDI_ID,1137374334,review
100,CLM-900099,وصف المطالبة,SAUDI_ID,2940170927,replace
101,CLM-900100,وصف المطالبة,SAUDI_ID,1770766070,ignore
102,CLM-900101,وصف المطالبة,PERSON_NAME,سديم الأحمدي,replace
103,CLM-900102,وصف المطالبة,EMAIL,ksara.5102.65@example.org,replace
104,CLM-900103,وصف المطالبة,SAUDI_ID,2471603916,replace
105,CLM-900104,وصف المطالبة,PERSON_NAME,باسل الحازمي,replace
107,CLM-900106,وصف المطالبة,EMAIL,somar.5106_11@example.org,replace
108,CLM-900107,وصف المطالبة,SAUDI_ID,1159974680,review
109,CLM-900108,وصف المطالبة,EMAIL,momar.5108.50@example.org,replace
110,CLM-900109,وصف المطالبة,SAUDI_ID,2170743344,replace
111,CLM-900110,وصف المطالبة,SAUDI_ID,1881602971,review
112,CLM-900111,وصف المطالبة,SAUDI_ID,1695767918,ignore
113,CLM-900112,وصف المطالبة,EMAIL,sdana.5112_35@mail.example.com,replace
114,CLM-900113,وصف المطالبة,PERSON_NAME,رزان الحويطي,replace
116,CLM-900115,وصف المطالبة,EMAIL,mfahad.5115_21@inbox.example.net,replace
119,CLM-900118,وصف المطالبة,SAUDI_ID,1323210464,ignore
120,CLM-900119,وصف المطالبة,IBAN,sa0755821017593951816729,replace
122,CLM-900121,وصف المطالبة,SAUDI_ID,1456729597,review
123,CLM-900122,وصف المطالبة,SAUDI_ID,1726775800,review
126,CLM-900125,وصف المطالبة,SAUDI_ID,1017339197,ignore
127,CLM-900126,وصف المطالبة,SAUDI_ID,2560366979,replace
128,CLM-900127,وصف المطالبة,SAUDI_ID,1148349923,ignore
129,CLM-900128,وصف المطالبة,MOBILE,966564816815,replace
130,CLM-900129,وصف المطالبة,SAUDI_ID,1692206100,ignore
131,CLM-900130,وصف المطالبة,SAUDI_ID,1756438634,review
132,CLM-900131,وصف المطالبة,IBAN,SA 2602808722202498787811,replace
133,CLM-900132,وصف المطالبة,PERSON_NAME,منيرة المحمدي,replace
136,CLM-900135,وصف المطالبة,SAUDI_ID,1234465415,review
137,CLM-900136,وصف المطالبة,EMAIL,aali.5136_64@inbox.example.net,replace
139,CLM-900138,وصف المطالبة,MOBILE,966533799766,replace
140,CLM-900139,وصف المطالبة,SAUDI_ID,2148687763,replace
141,CLM-900140,وصف المطالبة,MOBILE,966500719829,replace
142,CLM-900141,وصف المطالبة,SAUDI_ID,2827196318,replace
144,CLM-900143,وصف المطالبة,IBAN,SA67 2503 6554 2392 3732 2765,replace
145,CLM-900144,وصف المطالبة,EMAIL,mnoor.5144.92@mail.example.com,replace
146,CLM-900145,وصف المطالبة,SAUDI_ID,1563333275,review
147,CLM-900146,وصف المطالبة,EMAIL,nali.5146.72@mail.example.com,replace
148,CLM-900147,وصف المطالبة,IBAN,SA 6681125558605447174327,replace
149,CLM-900148,وصف المطالبة,SAUDI_ID,1311200719,review
150,CLM-900149,وصف المطالبة,MOBILE,966554670668,replace
151,CLM-900150,وصف المطالبة,SAUDI_ID,2506884374,replace
152,CLM-900151,وصف المطالبة,SAUDI_ID,1070127000,ignore
155,CLM-900154,وصف المطالبة,IBAN,sa9802325444908395932362,replace
156,CLM-900155,وصف المطالبة,MOBILE,966594660608,replace
157,CLM-900156,وصف المطالبة,SAUDI_ID,1822748529,review
158,CLM-900157,وصف المطالبة,PERSON_NAME,دانة الصاعدي,replace
159,CLM-900158,وصف المطالبة,SAUDI_ID,1039440183,review
160,CLM-900159,وصف المطالبة,SAUDI_ID,1198729087,review
161,CLM-900160,وصف المطالبة,MOBILE,966508577764,replace
162,CLM-900161,وصف المطالبة,MOBILE,966594069090,replace
163,CLM-900162,وصف المطالبة,SAUDI_ID,2012331290,replace
164,CLM-900163,وصف المطالبة,SAUDI_ID,1814226070,review
165,CLM-900164,وصف المطالبة,MOBILE,966544989667,replace
166,CLM-900165,وصف المطالبة,EMAIL,sfahad.5165_14@inbox.example.net,replace
167,CLM-900166,وصف المطالبة,SAUDI_ID,1809729449,ignore
168,CLM-900167,وصف المطالبة,EMAIL,ssara.516720@inbox.example.net,replace
169,CLM-900168,وصف المطالبة,IBAN,sa8248283885299075999143,replace
171,CLM-900170,وصف المطالبة,PERSON_NAME,جود الصاعدي,replace
172,CLM-900171,وصف المطالبة,SAUDI_ID,2196304246,replace
173,CLM-900172,وصف المطالبة,SAUDI_ID,1057638682,ignore
175,CLM-900174,وصف المطالبة,MOBILE,966583440563,replace
176,CLM-900175,وصف المطالبة,EMAIL,komar.517530@inbox.example.net,replace
177,CLM-900176,وصف المطالبة,MOBILE,966531431171,replace
179,CLM-900178,وصف المطالبة,EMAIL,kali.5178_14@mail.example.com,replace
180,CLM-900179,وصف المطالبة,MOBILE,966545113843,replace
181,CLM-900180,وصف المطالبة,PERSON_NAME,نايف الأحمدي,replace
182,CLM-900181,وصف المطالبة,SAUDI_ID,2522512488,replace
183,CLM-900182,وصف المطالبة,PERSON_NAME,مازن العمري,replace
187,CLM-900186,وصف المطالبة,SAUDI_ID,1421112096,ignore
188,CLM-900187,وصف المطالبة,SAUDI_ID,1651661561,review
189,CLM-900188,وصف المطالبة,SAUDI_ID,1017742238,review
190,CLM-900189,وصف المطالبة,SAUDI_ID,1625720923,review
191,CLM-900190,وصف المطالبة,EMAIL,mnoor.519090@inbox.example.net,replace
192,CLM-900191,وصف المطالبة,MOBILE,966598362422,replace
193,CLM-900192,وصف المطالبة,EMAIL,nomar.519286@mail.example.com,replace
194,CLM-900193,وصف المطالبة,IBAN,sa6112603212590260690090,replace
195,CLM-900194,وصف المطالبة,SAUDI_ID,1824057797,ignore
196,CLM-900195,وصف المطالبة,EMAIL,komar.519560@mail.example.com,replace
198,CLM-900197,وصف المطالبة,IBAN,SA35 1756 7179 3105 9314 0042,replace
200,CLM-900199,وصف المطالبة,SAUDI_ID,1720854171,review
201,CLM-900200,وصف المطالبة,EMAIL,sdana.520039@example.org,replace
202,CLM-900201,وصف المطالبة,PERSON_NAME,حسام الفيفي,replace
203,CLM-900202,وصف المطالبة,PERSON_NAME,دانة باعشن,replace
204,CLM-900203,وصف المطالبة,MOBILE,966558689307,replace
205,CLM-900204,وصف المطالبة,PERSON_NAME,سديم الحازمي,replace
206,CLM-900205,وصف المطالبة,EMAIL,nfahad.5205.72@inbox.example.net,replace
207,CLM-900206,وصف المطالبة,PERSON_NAME,عادل الصاعدي,replace
208,CLM-900207,وصف المطالبة,EMAIL,rnoor.5207.20@inbox.example.net,replace
209,CLM-900208,وصف المطالبة,MOBILE,966502873342,replace
210,CLM-900209,وصف المطالبة,EMAIL,aali.5209_16@inbox.example.net,replace
211,CLM-900210,وصف المطالبة,SAUDI_ID,1618356487,review
213,CLM-900212,وصف المطالبة,EMAIL,knoor.5212_28@mail.example.com,replace
214,CLM-900213,وصف المطالبة,SAUDI_ID,1104617101,ignore
215,CLM-900214,وصف المطالبة,IBAN,sa2752039993556748744484,replace
216,CLM-900215,وصف المطالبة,IBAN,SA05 7369 6143 6178 9445 1073,replace
218,CLM-900217,وصف المطالبة,SAUDI_ID,1722039189,ignore
219,CLM-900218,وصف المطالبة,MOBILE,966596373965,replace
222,CLM-900221,وصف المطالبة,PERSON_NAME,وليد الغامدي,replace
228,CLM-900227,وصف المطالبة,SAUDI_ID,2273103677,replace
229,CLM-900228,وصف المطالبة,PERSON_NAME,بندر الشريف,replace
231,CLM-900230,وصف المطالبة,SAUDI_ID,1254244783,ignore
233,CLM-900232,وصف المطالبة,EMAIL,nomar.5232_15@inbox.example.net,replace
235,CLM-900234,وصف المطالبة,EMAIL,somar.5234.65@example.org,replace
236,CLM-900235,وصف المطالبة,PERSON_NAME,رهف السلمي,replace
237,CLM-900236,وصف المطالبة,PERSON_NAME,وليد الحازمي,replace
238,CLM-900237,وصف المطالبة,IBAN,SA 9676367484173755752019,replace
239,CLM-900238,وصف المطالبة,SAUDI_ID,2743163962,replace
240,CLM-900239,وصف المطالبة,PERSON_NAME,ميار اليامي,replace
241,CLM-900240,وصف المطالبة,SAUDI_ID,2616156838,replace
242,CLM-900241,وصف المطالبة,MOBILE,966587825262,replace
243,CLM-900242,وصف المطالبة,SAUDI_ID,2115864056,replace
244,CLM-900243,وصف المطالبة,SAUDI_ID,1957399007,review
245,CLM-900244,وصف المطالبة,SAUDI_ID,2956324491,replace
246,CLM-900245,وصف المطالبة,MOBILE,966590748881,replace
248,CLM-900247,وصف المطالبة,SAUDI_ID,2515731129,replace
249,CLM-900248,وصف المطالبة,MOBILE,966561236422,replace
250,CLM-900249,وصف المطالبة,SAUDI_ID,2996989485,replace
251,CLM-900250,وصف المطالبة,SAUDI_ID,2683986182,replace
252,CLM-900251,وصف المطالبة,MOBILE,966532341726,replace
253,CLM-900252,وصف المطالبة,PERSON_NAME,تهاني المالكي,replace
254,CLM-900253,وصف المطالبة,EMAIL,mnoor.5253_24@example.org,replace
255,CLM-900254,وصف المطالبة,MOBILE,966589079439,replace
256,CLM-900255,وصف المطالبة,MOBILE,966505277578,replace
257,CLM-900256,وصف المطالبة,SAUDI_ID,1620792278,ignore
258,CLM-900257,وصف المطالبة,SAUDI_ID,2385596685,replace
259,CLM-900258,وصف المطالبة,EMAIL,rdana.525824@inbox.example.net,replace
260,CLM-900259,وصف المطالبة,PERSON_NAME,لجين العنزي,replace
261,CLM-900260,وصف المطالبة,MOBILE,966597401411,replace
262,CLM-900261,وصف المطالبة,PERSON_NAME,منصور الزهراني,replace
263,CLM-900262,وصف المطالبة,EMAIL,sali.526268@mail.example.com,replace
264,CLM-900263,وصف المطالبة,MOBILE,966504943776,replace
265,CLM-900264,وصف المطالبة,SAUDI_ID,1074448146,ignore
266,CLM-900265,وصف المطالبة,MOBILE,966502290118,replace
268,CLM-900267,وصف المطالبة,SAUDI_ID,1960231189,review
269,CLM-900268,وصف المطالبة,SAUDI_ID,1295177539,ignore
270,CLM-900269,وصف المطالبة,IBAN,sa0755838579872418969406,replace
271,CLM-900270,وصف المطالبة,EMAIL,nali.5270.20@mail.example.com,replace
272,CLM-900271,وصف المطالبة,SAUDI_ID,2974190536,replace
273,CLM-900272,وصف المطالبة,SAUDI_ID,1359735918,ignore
274,CLM-900273,وصف المطالبة,SAUDI_ID,2028143234,replace
275,CLM-900274,وصف المطالبة,EMAIL,aali.5274.86@example.org,replace
276,CLM-900275,وصف المطالبة,EMAIL,nnoor.5275.21@example.org,replace
278,CLM-900277,وصف المطالبة,SAUDI_ID,1797497623,review
280,CLM-900279,وصف المطالبة,SAUDI_ID,1907840477,ignore
281,CLM-900280,وصف المطالبة,SAUDI_ID,2210323701,replace
282,CLM-900281,وصف المطالبة,IBAN,SA 4469452304316271910713,replace
284,CLM-900283,وصف المطالبة,SAUDI_ID,2031723642,replace
285,CLM-900284,وصف المطالبة,IBAN,SA97 5015 2552 0283 8526 4320,replace
287,CLM-900286,وصف المطالبة,IBAN,SA 2941330805157658098225,replace
288,CLM-900287,وصف المطالبة,SAUDI_ID,1144186659,ignore
289,CLM-900288,وصف المطالبة,SAUDI_ID,1833395662,ignore
290,CLM-900289,وصف المطالبة,MOBILE,966584930546,replace
291,CLM-900290,وصف المطالبة,MOBILE,966590775707,replace
292,CLM-900291,وصف المطالبة,SAUDI_ID,1980246537,ignore
293,CLM-900292,وصف المطالبة,SAUDI_ID,1466606413,review
294,CLM-900293,وصف المطالبة,IBAN,SA76 9841 1900 0954 6613 9024,replace
295,CLM-900294,وصف المطالبة,PERSON_NAME,غازي المالكي,replace
297,CLM-900296,وصف المطالبة,EMAIL,nnoor.5296_34@inbox.example.net,replace
298,CLM-900297,وصف المطالبة,SAUDI_ID,1866033093,review
299,CLM-900298,وصف المطالبة,SAUDI_ID,2640627143,replace
300,CLM-900299,وصف المطالبة,PERSON_NAME,عادل العنزي,replace
301,CLM-900300,وصف المطالبة,EMAIL,aomar.5300.77@mail.example.com,replace
302,CLM-900301,وصف المطالبة,PERSON_NAME,منيرة العنزي,replace
303,CLM-900302,وصف المطالبة,SAUDI_ID,2278925082,replace
305,CLM-900304,وصف المطالبة,MOBILE,966568252658,replace
307,CLM-900306,وصف المطالبة,IBAN,SA 7486775705909725756004,replace
308,CLM-900307,وصف المطالبة,PERSON_NAME,منيرة الشريف,replace
309,CLM-900308,وصف المطالبة,SAUDI_ID,1639537899,ignore
310,CLM-900309,وصف المطالبة,PERSON_NAME,منيرة الصاعدي,replace
311,CLM-900310,وصف المطالبة,SAUDI_ID,1273878916,review
312,CLM-900311,وصف المطالبة,EMAIL,nsara.5311_52@example.org,replace
313,CLM-900312,وصف المطالبة,SAUDI_ID,2093563175,replace
315,CLM-900314,وصف المطالبة,SAUDI_ID,2575814138,replace
317,CLM-900316,وصف المطالبة,EMAIL,kfahad.5316.31@example.org,replace
318,CLM-900317,وصف المطالبة,PERSON_NAME,هشام اليامي,replace
319,CLM-900318,وصف المطالبة,SAUDI_ID,1603642531,ignore
320,CLM-900319,وصف المطالبة,SAUDI_ID,1837790768,ignore
321,CLM-900320,وصف المطالبة,PERSON_NAME,لولوة العمري,replace
323,CLM-900322,وصف المطالبة,SAUDI_ID,1246149664,ignore
326,CLM-900325,وصف المطالبة,PERSON_NAME,عادل الحويطي,replace
327,CLM-900326,وصف المطالبة,SAUDI_ID,1420981035,review
329,CLM-900328,وصف المطالبة,EMAIL,somar.5328.30@inbox.example.net,replace
330,CLM-900329,وصف المطالبة,SAUDI_ID,2365045646,replace
332,CLM-900331,وصف المطالبة,MOBILE,966544528291,replace
334,CLM-900333,وصف المطالبة,PERSON_NAME,عادل الحويطي,replace
335,CLM-900334,وصف المطالبة,MOBILE,966534228410,replace
338,CLM-900337,وصف المطالبة,EMAIL,afahad.5337.40@mail.example.com,replace
339,CLM-900338,وصف المطالبة,SAUDI_ID,2968614327,replace
341,CLM-900340,وصف المطالبة,SAUDI_ID,1191535300,ignore
342,CLM-900341,وصف المطالبة,EMAIL,aali.5341_87@mail.example.com,replace
343,CLM-900342,وصف المطالبة,IBAN,SA 1987033953475739679850,replace
344,CLM-900343,وصف المطالبة,IBAN,SA48 3762 5355 1318 6413 9161,replace
345,CLM-900344,وصف المطالبة,MOBILE,966561677882,replace
346,CLM-900345,وصف المطالبة,SAUDI_ID,2861675797,replace
347,CLM-900346,وصف المطالبة,MOBILE,966537187076,replace
348,CLM-900347,وصف المطالبة,SAUDI_ID,1969553618,ignore
349,CLM-900348,وصف المطالبة,PERSON_NAME,عمار الفيفي,replace
350,CLM-900349,وصف المطالبة,IBAN,SA2938971172307017179561,replace
351,CLM-900350,وصف المطالبة,SAUDI_ID,1871305817,review
352,CLM-900351,وصف المطالبة,SAUDI_ID,2773104670,replace
353,CLM-900352,وصف المطالبة,SAUDI_ID,1004364653,ignore
354,CLM-900353,وصف المطالبة,IBAN,SA 8413797031991750739576,replace
355,CLM-900354,وصف المطالبة,SAUDI_ID,1080428692,ignore
356,CLM-900355,وصف المطالبة,EMAIL,nsara.535554@mail.example.com,replace
357,CLM-900356,وصف المطالبة,EMAIL,msara.5356.61@mail.example.com,replace
358,CLM-900357,وصف المطالبة,EMAIL,ksara.535718@inbox.example.net,replace
360,CLM-900359,وصف المطالبة,IBAN,SA3547236738772329925202,replace
361,CLM-900360,وصف المطالبة,PERSON_NAME,منصور العمري,replace
362,CLM-900361,وصف المطالبة,SAUDI_ID,1187074618,ignore
363,CLM-900362,وصف المطالبة,MOBILE,966543350883,replace
366,CLM-900365,وصف المطالبة,EMAIL,sdana.5365_49@inbox.example.net,replace
367,CLM-900366,وصف المطالبة,SAUDI_ID,2505147096,replace
368,CLM-900367,وصف المطالبة,SAUDI_ID,1056622222,ignore
369,CLM-900368,وصف المطالبة,SAUDI_ID,1848278824,review
370,CLM-900369,وصف المطالبة,SAUDI_ID,1568867921,review
371,CLM-900370,وصف المطالبة,SAUDI_ID,1645641430,review
372,CLM-900371,وصف المطالبة,SAUDI_ID,2606022925,replace
373,CLM-900372,وصف المطالبة,SAUDI_ID,1996359186,review
375,CLM-900374,وصف المطالبة,IBAN,sa2740230605903561248021,replace
376,CLM-900375,وصف المطالبة,IBAN,SA4611935767335965983005,replace
377,CLM-900376,وصف المطالبة,EMAIL,rdana.5376.97@mail.example.com,replace
378,CLM-900377,وصف المطالبة,EMAIL,romar.537791@example.org,replace
379,CLM-900378,وصف المطالبة,MOBILE,966503836929,replace
380,CLM-900379,وصف المطالبة,MOBILE,966556979739,replace
381,CLM-900380,وصف المطالبة,PERSON_NAME,جود الجهني,replace
382,CLM-900381,وصف المطالبة,SAUDI_ID,1889230687,ignore
383,CLM-900382,وصف المطالبة,PERSON_NAME,رهف الشهري,replace
384,CLM-900383,وصف المطالبة,EMAIL,momar.5383.90@inbox.example.net,replace
385,CLM-900384,وصف المطالبة,EMAIL,aomar.5384_43@mail.example.com,replace
386,CLM-900385,وصف المطالبة,SAUDI_ID,2309592695,replace
387,CLM-900386,وصف المطالبة,PERSON_NAME,هيفاء الرويلي,replace
388,CLM-900387,وصف المطالبة,PERSON_NAME,بندر الزهراني,replace
390,CLM-900389,وصف المطالبة,EMAIL,aomar.538981@example.org,replace
391,CLM-900390,وصف المطالبة,SAUDI_ID,1924926890,review
392,CLM-900391,وصف المطالبة,PERSON_NAME,أريج الثبيتي,replace
393,CLM-900392,وصف المطالبة,SAUDI_ID,1449155553,review
395,CLM-900394,وصف المطالبة,MOBILE,966594923626,replace
396,CLM-900395,وصف المطالبة,SAUDI_ID,2748002314,replace
397,CLM-900396,وصف المطالبة,PERSON_NAME,رزان الرويلي,replace
398,CLM-900397,وصف المطالبة,IBAN,SA 6894654697859743029430,replace
399,CLM-900398,وصف المطالبة,EMAIL,msara.5398.80@example.org,replace
401,CLM-900400,وصف المطالبة,SAUDI_ID,1913408224,ignore
404,CLM-900403,وصف المطالبة,PERSON_NAME,عادل باعشن,replace
405,CLM-900404,وصف المطالبة,EMAIL,afahad.5404_49@example.org,replace
408,CLM-900407,وصف المطالبة,EMAIL,rfahad.540785@inbox.example.net,replace
409,CLM-900408,وصف المطالبة,SAUDI_ID,1664692120,ignore
410,CLM-900409,وصف المطالبة,PERSON_NAME,ريما العنزي,replace
411,CLM-900410,وصف المطالبة,IBAN,SA84 0011 2537 4858 3615 8091,replace
412,CLM-900411,وصف المطالبة,IBAN,SA68 2069 7424 8596 3825 8146,replace
413,CLM-900412,وصف المطالبة,EMAIL,somar.5412_50@inbox.example.net,replace
414,CLM-900413,وصف المطالبة,PERSON_NAME,عادل المالكي,replace
415,CLM-900414,وصف المطالبة,SAUDI_ID,1720251572,ignore
416,CLM-900415,وصف المطالبة,EMAIL,nali.5415.16@mail.example.com,replace
417,CLM-900416,وصف المطالبة,SAUDI_ID,1148293363,ignore
418,CLM-900417,وصف المطالبة,MOBILE,966549543109,replace
419,CLM-900418,وصف المطالبة,SAUDI_ID,1424132240,ignore
420,CLM-900419,وصف المطالبة,EMAIL,nnoor.5419.76@example.org,replace
422,CLM-900421,وصف المطالبة,MOBILE,966550656593,replace
423,CLM-900422,وصف المطالبة,IBAN,SA53 2595 4162 3781 1680 8613,replace
424,CLM-900423,وصف المطالبة,PERSON_NAME,مشاري السلمي,replace
425,CLM-900424,وصف المطالبة,SAUDI_ID,1382999244,ignore
426,CLM-900425,وصف المطالبة,SAUDI_ID,1538505775,review
427,CLM-900426,وصف المطالبة,SAUDI_ID,1195089243,ignore
428,CLM-900427,وصف المطالبة,IBAN,SA0855901348617108044543,replace
429,CLM-900428,وصف المطالبة,SAUDI_ID,2839581853,replace
430,CLM-900429,وصف المطالبة,IBAN,SA 8149190487785377252549,replace
431,CLM-900430,وصف المطالبة,SAUDI_ID,1346470070,ignore
432,CLM-900431,وصف المطالبة,PERSON_NAME,بندر البلوي,replace
433,CLM-900432,وصف المطالبة,IBAN,SA24 4682 8738 5945 9900 6666,replace
434,CLM-900433,وصف المطالبة,SAUDI_ID,1042801579,review
435,CLM-900434,وصف المطالبة,IBAN,sa5067600150632457378950,replace
436,CLM-900435,وصف المطالبة,PERSON_NAME,هشام الشهري,replace
437,CLM-900436,وصف المطالبة,SAUDI_ID,2252878943,replace
438,CLM-900437,وصف المطالبة,IBAN,SA83 9414 4776 0747 6527 1166,replace
439,CLM-900438,وصف المطالبة,SAUDI_ID,1900438654,review
440,CLM-900439,وصف المطالبة,SAUDI_ID,2864845793,replace
441,CLM-900440,وصف المطالبة,SAUDI_ID,1215212758,ignore
442,CLM-900441,وصف المطالبة,SAUDI_ID,1486115779,ignore
443,CLM-900442,وصف المطالبة,MOBILE,966566826750,replace
444,CLM-900443,وصف المطالبة,SAUDI_ID,1001660586,review
445,CLM-900444,وصف المطالبة,SAUDI_ID,1697338885,review
446,CLM-900445,وصف المطالبة,PERSON_NAME,هشام الصاعدي,replace
447,CLM-900446,وصف المطالبة,MOBILE,966563847217,replace
449,CLM-900448,وصف المطالبة,SAUDI_ID,1824158248,review
450,CLM-900449,وصف المطالبة,SAUDI_ID,2435565599,replace
451,CLM-900450,وصف المطالبة,PERSON_NAME,وعد الشهري,replace
452,CLM-900451,وصف المطالبة,SAUDI_ID,1010239825,ignore
453,CLM-900452,وصف المطالبة,SAUDI_ID,2347813541,replace
454,CLM-900453,وصف المطالبة,EMAIL,knoor.545353@example.org,replace
455,CLM-900454,وصف المطالبة,SAUDI_ID,2186334245,replace
456,CLM-900455,وصف المطالبة,IBAN,sa8883393910621964081769,replace
457,CLM-900456,وصف المطالبة,PERSON_NAME,عمار الغامدي,replace
458,CLM-900457,وصف المطالبة,SAUDI_ID,1492602196,review
459,CLM-900458,وصف المطالبة,SAUDI_ID,1283869699,review
460,CLM-900459,وصف المطالبة,SAUDI_ID,2229186719,replace
462,CLM-900461,وصف المطالبة,EMAIL,mali.5461_86@inbox.example.net,replace
464,CLM-900463,وصف المطالبة,EMAIL,somar.5463_21@inbox.example.net,replace
465,CLM-900464,وصف المطالبة,IBAN,SA84 0972 8320 5463 2188 6638,replace
466,CLM-900465,وصف المطالبة,MOBILE,966506920211,replace
468,CLM-900467,وصف المطالبة,MOBILE,966553215045,replace
469,CLM-900468,وصف المطالبة,SAUDI_ID,1331932820,review
471,CLM-900470,وصف المطالبة,IBAN,SA 3237528054341681065873,replace
472,CLM-900471,وصف المطالبة,PERSON_NAME,تهاني المحمدي,replace
473,CLM-900472,وصف المطالبة,SAUDI_ID,2691179721,replace
474,CLM-900473,وصف المطالبة,SAUDI_ID,2757208257,replace
475,CLM-900474,وصف المطالبة,MOBILE,966507109188,replace
476,CLM-900475,وصف المطالبة,SAUDI_ID,1966911312,ignore
478,CLM-900477,وصف المطالبة,MOBILE,966591330405,replace
479,CLM-900478,وصف المطالبة,EMAIL,snoor.547848@mail.example.com,replace
480,CLM-900479,وصف المطالبة,IBAN,SA0857863884147928273463,replace
484,CLM-900483,وصف المطالبة,SAUDI_ID,2939433096,replace
485,CLM-900484,وصف المطالبة,IBAN,SA9664845294744769774344,replace
486,CLM-900485,وصف المطالبة,SAUDI_ID,2141048138,replace
487,CLM-900486,وصف المطالبة,SAUDI_ID,1268584495,review
488,CLM-900487,وصف المطالبة,MOBILE,966556012394,replace
490,CLM-900489,وصف المطالبة,IBAN,SA0558616404907347756133,replace
492,CLM-900491,وصف المطالبة,PERSON_NAME,منصور الزهراني,replace
493,CLM-900492,وصف المطالبة,SAUDI_ID,2660439528,replace
494,CLM-900493,وصف المطالبة,EMAIL,aomar.5493_30@mail.example.com,replace
495,CLM-900494,وصف المطالبة,SAUDI_ID,1453717341,ignore
496,CLM-900495,وصف المطالبة,SAUDI_ID,1251212297,ignore
497,CLM-900496,وصف المطالبة,IBAN,SA 2237917343944263137693,replace
498,CLM-900497,وصف المطالبة,PERSON_NAME,جود العمري,replace
500,CLM-900499,وصف المطالبة,EMAIL,romar.5499_13@inbox.example.net,replace
501,CLM-900500,وصف المطالبة,PERSON_NAME,منيرة الفيفي,replace
503,CLM-900502,وصف المطالبة,PERSON_NAME,ريما الزهراني,replace
504,CLM-900503,وصف المطالبة,IBAN,SA 7421520896382051031105,replace
505,CLM-900504,وصف المطالبة,SAUDI_ID,2435943390,replace
506,CLM-900505,وصف المطالبة,EMAIL,aali.5505.75@example.org,replace
507,CLM-900506,وصف المطالبة,IBAN,SA 6359580796682886169845,replace
508,CLM-900507,وصف المطالبة,IBAN,SA71 1692 9246 4028 4998 3676,replace
509,CLM-900508,وصف المطالبة,PERSON_NAME,منصور الزهراني,replace
510,CLM-900509,وصف المطالبة,SAUDI_ID,2677029825,replace
513,CLM-900512,وصف المطالبة,SAUDI_ID,1402961351,review
514,CLM-900513,وصف المطالبة,IBAN,SA 9578917392615563352101,replace
515,CLM-900514,وصف المطالبة,MOBILE,966548499850,replace
517,CLM-900516,وصف المطالبة,IBAN,SA 4181881170177480458804,replace
518,CLM-900517,وصف المطالبة,EMAIL,kfahad.5517.50@inbox.example.net,replace
519,CLM-900518,وصف المطالبة,SAUDI_ID,2550571141,replace
520,CLM-900519,وصف المطالبة,SAUDI_ID,1482826911,ignore
